left_shoulder_X,left_shoulder_Y,left_wrist_X,left_wrist_Y,left_knee_X,left_knee_Y,Label
0.2847774624824524,0.5492877960205078,0.4639867842197418,0.6288450956344604,0.5391324758529663,0.5134731531143188,0
0.5637108087539673,0.5475184321403503,0.7464267015457153,0.5615282654762268,0.48381754755973816,0.7137758731842041,0
0.6787620782852173,0.5256643295288086,0.7215145230293274,0.7467372417449951,0.7755388617515564,0.781425952911377,0
0.7825184464454651,0.4642854928970337,0.7070221900939941,0.5752221345901489,0.44837626814842224,0.5228278636932373,0
0.28731027245521545,0.4022825360298157,0.4530642628669739,0.46274301409721375,0.4115217924118042,0.5482553243637085,0
0.6240203380584717,0.2946256101131439,0.6821181774139404,0.29770413041114807,0.47242042422294617,0.49281978607177734,0
0.26868322491645813,0.682640016078949,0.30049678683280945,0.7166586518287659,0.3669566810131073,0.7740167379379272,0
0.17627452313899994,0.2909555733203888,0.10287805646657944,0.4384200870990753,0.07985879480838776,0.48784390091896057,0
0.5358144044876099,0.43418705463409424,0.4803812801837921,0.5890322327613831,0.41099658608436584,0.582554280757904,0
0.4876090884208679,0.4657808840274811,0.5723326206207275,0.5012344717979431,0.5641176700592041,0.6123884320259094,0
0.5349928140640259,0.547091007232666,0.511227011680603,0.6837803721427917,0.5325580835342407,0.6579985618591309,0
0.5455787777900696,0.3987574279308319,0.3467375636100769,0.569068431854248,0.31569814682006836,0.6221718788146973,0
0.6797640919685364,0.36042359471321106,0.9310855865478516,0.4585990905761719,0.9932119250297546,0.6672848463058472,0
0.7409502267837524,0.40253371000289917,0.6786960363388062,0.4661462903022766,0.7744355201721191,0.5026146173477173,0
0.6286410689353943,0.40252524614334106,0.5694769024848938,0.6169818043708801,0.7140737771987915,0.6649499535560608,0
0.6958618760108948,0.5381680727005005,0.6816892027854919,0.5429856777191162,0.6695082783699036,0.7090439200401306,0
0.754242479801178,0.27265599370002747,0.496856689453125,0.4065071940422058,0.7391144633293152,0.7209599018096924,0
0.6821469068527222,0.5919438600540161,0.5602943897247314,0.6201508045196533,0.743170976638794,1.2109676599502563,0
0.5718697309494019,0.2919371724128723,0.42399898171424866,0.5205427408218384,0.36447247862815857,0.5345540046691895,0
0.5694067478179932,0.4671976864337921,0.6659982800483704,0.7087414264678955,0.5891562700271606,0.88128262758255,0
0.7919785380363464,0.3249185085296631,0.4641987681388855,0.5411466360092163,0.9178367853164673,0.899366557598114,0
0.6378389596939087,0.7460566759109497,0.6578127145767212,1.2982052564620972,0.5391315817832947,1.7851369380950928,0
0.8205649852752686,0.481589138507843,0.5077857971191406,0.7865380644798279,0.6201876401901245,1.0007545948028564,0
0.5827043056488037,0.7166299819946289,0.6817982196807861,0.8062693476676941,0.48815008997917175,1.9673556089401245,0
0.3540080785751343,0.4390479028224945,0.5509673953056335,0.5319746136665344,0.44100314378738403,0.6872552037239075,0
0.7180094718933105,0.680300235748291,0.7726386785507202,0.693081259727478,0.7386420965194702,0.7809367775917053,0
0.47567784786224365,0.4344377815723419,0.4809144139289856,0.7013717293739319,0.59105384349823,0.7224630117416382,0
0.8761639595031738,0.4874943494796753,0.6772714853286743,0.6871044039726257,0.8654757738113403,0.5219252109527588,0
0.9203044772148132,0.30495336651802063,0.6634750962257385,0.5543991327285767,0.7601876854896545,0.5153923630714417,0
0.5416240692138672,0.4475860595703125,0.4121941030025482,0.6104569435119629,0.3552130460739136,0.6645220518112183,0
0.24766521155834198,0.49017563462257385,0.5624889135360718,0.5697453618049622,0.5814517736434937,0.8175017833709717,0
0.6276012063026428,0.6982775926589966,0.6483492851257324,1.0870494842529297,0.582168698310852,1.6434743404388428,0
0.7318374514579773,0.5404796600341797,0.2574516534805298,0.8807382583618164,0.6501976847648621,0.8341533541679382,0
0.4382261633872986,0.45688241720199585,0.3880770802497864,0.5726704001426697,0.46453529596328735,0.7334415912628174,0
0.33642303943634033,0.345903217792511,0.4745103120803833,0.5519221425056458,0.5053055882453918,0.7541279792785645,0
0.38319170475006104,0.49952536821365356,0.24896426498889923,0.5158634185791016,0.27874577045440674,0.7802205085754395,0
0.36519020795822144,0.517474353313446,0.3949999213218689,0.6486602425575256,0.37026429176330566,0.8124182820320129,0
0.30057305097579956,0.5664287805557251,0.5147225260734558,0.6353349685668945,0.6418306827545166,0.6142420768737793,0
0.7511923313140869,0.4313260316848755,0.46107715368270874,0.5704092979431152,0.3508593440055847,0.5554887056350708,0
0.654895544052124,0.3345719277858734,0.47672948241233826,0.3423667550086975,0.4870680272579193,0.48359793424606323,0
0.45844900608062744,0.4107959270477295,0.31081071496009827,0.685069739818573,0.39636486768722534,0.7417973279953003,0
0.5568608045578003,0.44079717993736267,0.8010294437408447,0.5978708267211914,0.4499592185020447,0.6819973587989807,0
0.6510812640190125,0.5770808458328247,0.5941557884216309,0.5842312574386597,0.5685279965400696,0.6758806109428406,0
0.15794411301612854,0.593140721321106,0.1876787692308426,0.7173686027526855,0.14607354998588562,0.8753615021705627,0
0.6413646936416626,0.2535855770111084,0.6057932376861572,0.39000609517097473,0.5947751402854919,0.5030957460403442,0
0.6117302179336548,0.26706936955451965,0.6037378311157227,0.30951589345932007,0.7935014963150024,0.5478237271308899,0
0.24045410752296448,0.6137100458145142,0.34423550963401794,0.7273350954055786,0.27112504839897156,1.3647305965423584,0
0.6915196180343628,0.4411729574203491,0.6451112627983093,0.5164803266525269,0.3811367154121399,0.4603964686393738,0
0.42926907539367676,0.787026047706604,0.622014045715332,0.7268357872962952,0.4875536859035492,0.9167827367782593,0
0.5530489683151245,0.4014904797077179,0.6418105363845825,0.5109343528747559,0.6759679317474365,0.5921584963798523,0
0.2254202663898468,0.5010306239128113,0.27184316515922546,0.5473435521125793,0.36073264479637146,0.5928131341934204,0
0.7860643267631531,0.3365411162376404,0.805482029914856,0.4349445700645447,0.6513774394989014,0.5731639266014099,0
0.6038172841072083,0.4748696982860565,0.6350632905960083,0.3898422122001648,0.7750081419944763,0.3950360417366028,0
0.23740625381469727,0.5644726753234863,0.32018575072288513,0.5316243171691895,0.6251276731491089,0.6332191228866577,0
0.43005844950675964,0.3013773262500763,0.5055210590362549,0.5221389532089233,0.3772139847278595,0.8160623908042908,0
0.779105544090271,0.5660210251808167,0.6295331120491028,0.9079903364181519,0.7346460819244385,1.3055788278579712,0
0.2836191952228546,0.38324078917503357,0.4388086795806885,0.4791836142539978,0.5902904868125916,0.5936841368675232,0
0.4460882842540741,0.4441092014312744,0.431512713432312,0.44798028469085693,0.4863019585609436,0.4840564727783203,0
0.7521116137504578,0.38380613923072815,0.639768660068512,0.6368158459663391,0.6291818618774414,0.8144638538360596,0
0.35923874378204346,0.40848007798194885,0.2552022635936737,0.47273334860801697,0.2440674602985382,0.5742666721343994,0
0.22670629620552063,0.2440483570098877,0.41193974018096924,0.2887519598007202,0.6291240453720093,0.5460913777351379,0
0.3368304967880249,0.5845511555671692,0.3364918529987335,0.6227068901062012,0.3582194149494171,0.7151789665222168,0
0.7051278948783875,0.5143406391143799,0.6392034292221069,0.6219011545181274,0.9146978259086609,0.8102543950080872,0
0.3821527361869812,0.6073186993598938,0.4065614342689514,0.5480524301528931,0.4156551659107208,0.7137048244476318,0
0.44748246669769287,0.4440764784812927,0.48353326320648193,0.6045376658439636,0.478080153465271,0.6195244193077087,0
0.12056922912597656,0.39093032479286194,0.19927996397018433,0.5679234862327576,0.2531726360321045,0.6348891258239746,0
0.5457982420921326,0.45784085988998413,0.5364715456962585,0.43652698397636414,0.6182966828346252,0.5562087297439575,0
0.48469650745391846,0.45889410376548767,0.4619261622428894,0.6057886481285095,0.42568439245224,0.7939348220825195,0
0.6020901203155518,0.28739047050476074,0.5318005084991455,0.3903306722640991,0.5958164930343628,0.5008554458618164,0
0.4304102659225464,0.32866060733795166,0.3414260745048523,0.5999017953872681,0.5013877153396606,0.47327569127082825,0
0.5898418426513672,0.3972991704940796,0.42630723118782043,0.47446006536483765,0.47554004192352295,0.6356463432312012,0
0.5486353635787964,0.41682326793670654,0.6598628759384155,0.47179728746414185,0.6165507435798645,0.6325666308403015,0
0.7027712464332581,0.3762955367565155,0.7440550327301025,0.3094691038131714,0.042244404554367065,0.41660448908805847,0
0.34450435638427734,0.4308328628540039,0.2840311527252197,0.40045177936553955,0.6667903661727905,0.6762143969535828,0
0.6519635915756226,0.4850268065929413,0.5677751898765564,0.6992286443710327,0.6611099243164062,0.6927152276039124,0
0.6713295578956604,0.5325086116790771,0.5716489553451538,0.6053508520126343,0.5085883140563965,0.9028046131134033,0
0.7106505632400513,0.35669490694999695,0.491578072309494,0.6694785356521606,0.23408657312393188,0.7553923726081848,0
0.4329908490180969,0.49808675050735474,0.7428513169288635,0.5748120546340942,0.3525618314743042,0.7659996151924133,0
0.746340274810791,0.38910847902297974,0.4403654932975769,0.7466795444488525,0.5637866258621216,0.7620416283607483,0
0.6080765724182129,0.29147571325302124,0.5822703838348389,0.36914801597595215,0.5616970658302307,0.5524500608444214,0
0.6990767121315002,0.45027080178260803,0.5925858020782471,0.8021436333656311,0.684675395488739,1.04011869430542,0
0.7694426774978638,0.35499516129493713,0.23506122827529907,0.7691618204116821,0.18798229098320007,0.633486270904541,0
0.5349683165550232,0.5548933744430542,0.47960782051086426,0.7187818884849548,0.49968692660331726,0.7295964360237122,0
0.33695244789123535,0.3769538998603821,0.4111820459365845,0.4438939094543457,0.4194669723510742,0.6250948309898376,0
0.6017142534255981,0.50467848777771,0.5212898850440979,0.8593910336494446,0.4699316918849945,0.7137752771377563,0
0.7702878713607788,0.4275154173374176,0.2726862132549286,0.9742194414138794,0.2687658667564392,0.6703892946243286,0
0.6036421060562134,0.3795766830444336,0.5982463359832764,0.352251261472702,0.6669666767120361,0.6530253887176514,0
0.6877748370170593,0.4457406997680664,0.7258930206298828,0.49609124660491943,0.7125189304351807,0.537108302116394,0
0.670917272567749,0.4201873242855072,0.5625064373016357,0.5758911967277527,0.7158392071723938,0.6170694828033447,0
0.5932813286781311,0.5453863143920898,0.7030037045478821,0.7242625951766968,0.6231465339660645,0.8446236848831177,0
0.7073249220848083,0.3626742959022522,0.379613995552063,0.5260648727416992,0.427560031414032,0.5796290040016174,0
0.8424330949783325,0.44728562235832214,0.4411506652832031,0.7454121708869934,0.12989568710327148,0.8037419319152832,0
0.1372622400522232,0.44892939925193787,0.15154848992824554,0.5780063271522522,0.1636652797460556,0.6365801095962524,0
0.4919796884059906,0.35071951150894165,0.5489037036895752,0.4785293638706207,0.7534747123718262,0.5136159062385559,0
0.8999396562576294,0.4881327748298645,0.8456838130950928,0.5514481663703918,0.9117019772529602,0.776218831539154,0
0.42739441990852356,0.5481232404708862,0.35619300603866577,0.6538602113723755,0.32968220114707947,0.7837504148483276,0
0.5630012154579163,0.6052385568618774,0.5700501203536987,0.6491436958312988,0.5219782590866089,0.6629576086997986,0
0.8159361481666565,0.49706360697746277,0.5996595621109009,0.8047410249710083,0.8252131938934326,1.283887267112732,0
0.6526505947113037,0.5344871282577515,0.556777834892273,0.7628306746482849,0.6046804785728455,0.9274473786354065,0
0.3683680295944214,0.5083681344985962,0.10957919806241989,0.5707178115844727,0.1714518666267395,0.8721716403961182,0
0.754423201084137,0.5669066905975342,0.6466720700263977,0.7729330658912659,0.5785810947418213,0.7247067093849182,0
0.768208384513855,0.2035522162914276,0.8074371218681335,0.08256977796554565,0.7600770592689514,0.6150990128517151,0
0.7824734449386597,0.5324579477310181,0.5791739821434021,0.9072107076644897,0.7582492828369141,1.2573885917663574,0
0.690631628036499,0.6496694684028625,0.75383460521698,0.6587772369384766,0.6835439801216125,0.6098788976669312,0
0.36047476530075073,0.7894397377967834,0.4373123049736023,0.9000471234321594,0.31806480884552,1.1091201305389404,0
0.5342327356338501,0.5228003263473511,0.7969038486480713,0.7673696279525757,0.6638745069503784,1.0634045600891113,0
0.41674917936325073,0.5636277198791504,0.4229618310928345,0.6459249258041382,0.42460715770721436,0.7290351986885071,0
0.4471644163131714,0.5508941411972046,0.4591503441333771,0.6306034922599792,0.46814677119255066,0.673980712890625,0
0.43296822905540466,0.8100749254226685,0.38839030265808105,0.9817349314689636,0.49569249153137207,1.0424609184265137,0
0.6559622287750244,0.4878031611442566,0.6941078901290894,0.3806785047054291,0.4791051745414734,0.8535619974136353,0
0.6429474353790283,0.37628406286239624,0.6334871053695679,0.7075543403625488,0.5205666422843933,0.8192799091339111,0
0.5840029120445251,0.5538139343261719,0.6094586253166199,0.5610901713371277,0.6193099617958069,0.7278242707252502,0
0.9766497611999512,0.5607196688652039,0.8404176831245422,0.7177993655204773,0.8988664746284485,0.9590186476707458,0
0.578467845916748,0.4270095229148865,0.7064632177352905,0.6097592711448669,0.7206356525421143,0.6299176216125488,0
0.3818744421005249,0.4610389471054077,0.42680874466896057,0.6418282985687256,0.45250797271728516,0.6732046008110046,0
0.7437849640846252,0.3261673152446747,0.6190119981765747,0.6020821928977966,0.5165223479270935,0.6920492053031921,0
0.6958179473876953,0.40446949005126953,0.7995520234107971,0.32114601135253906,0.7166596055030823,0.7769948840141296,0
0.7539995312690735,0.4980424642562866,0.6801944971084595,0.5294299721717834,0.7664976716041565,1.2605178356170654,0
0.7064628601074219,0.3587290346622467,0.5541081428527832,0.5163637399673462,0.3771740794181824,0.604479968547821,0
0.6719982624053955,0.5481358766555786,0.5380642414093018,0.7919744253158569,0.6193140149116516,0.9993834495544434,0
0.4795379638671875,0.4935780465602875,0.45696935057640076,0.7499071955680847,0.6530925035476685,0.7758777141571045,0
0.4949040114879608,0.42425012588500977,0.45197999477386475,0.6917588114738464,0.4666302502155304,0.7309463620185852,0
0.5767321586608887,0.6556696891784668,0.5786034464836121,0.6202383041381836,0.4679058790206909,0.8119404315948486,0
0.3248548209667206,0.571628987789154,0.3623436689376831,0.7052820920944214,0.40297630429267883,0.732134222984314,0
0.915856122970581,0.2628430128097534,0.938097357749939,0.4757086932659149,0.8450648784637451,0.6175155639648438,0
0.5837420225143433,0.392799973487854,0.6597282886505127,0.44304656982421875,0.8398177623748779,0.711374819278717,0
0.7840945720672607,0.41425830125808716,0.40532225370407104,0.5855449438095093,0.48537594079971313,0.8058817386627197,0
0.6284152865409851,0.3964240550994873,0.5885834097862244,0.6521524786949158,0.618877649307251,0.7052075266838074,0
0.6382227540016174,0.5965189933776855,0.534583568572998,0.6326726078987122,0.6068298816680908,0.8647750020027161,0
0.13273990154266357,0.9377426505088806,0.1961802989244461,0.8827744722366333,0.4554504454135895,1.1495802402496338,0
0.43008413910865784,0.581618070602417,0.38449352979660034,0.6222609281539917,0.51572585105896,0.6575599312782288,0
0.507283091545105,0.5154532790184021,0.362362265586853,0.6712266802787781,0.6381950378417969,0.8476415872573853,0
0.4583221673965454,0.44748586416244507,0.4800835847854614,0.5326893329620361,0.48522526025772095,0.6639260649681091,0
0.6790310144424438,0.4913540780544281,0.5998304486274719,0.5794178247451782,0.5956737995147705,0.6017465591430664,0
0.3305034339427948,0.36823713779449463,0.47093287110328674,0.5569435358047485,0.562535285949707,0.618585467338562,0
0.3844371736049652,0.37296777963638306,0.3946915566921234,0.6667991876602173,0.37495365738868713,0.9365471601486206,0
0.3798900842666626,0.4153429865837097,0.39068955183029175,0.4580499529838562,0.4403004050254822,0.5951422452926636,0
0.3764660656452179,0.501518726348877,0.46226730942726135,0.6009166240692139,0.4902760982513428,0.6732076406478882,0
0.451150119304657,0.49170950055122375,0.6647381782531738,0.5841482281684875,0.724555253982544,0.5779816508293152,0
0.6554436683654785,0.43494775891304016,0.5712665915489197,0.5774122476577759,0.5809746384620667,0.6191481351852417,0
0.711800754070282,0.5331493616104126,0.6414926052093506,0.5594532489776611,0.7016185522079468,0.7743960618972778,0
0.6167443990707397,0.6542850732803345,0.5872601270675659,1.1945793628692627,0.4206969738006592,1.6297354698181152,0
0.6986647248268127,0.43058741092681885,0.2557571828365326,0.9609248042106628,0.2214922308921814,0.5806878209114075,0
0.661761462688446,0.48789188265800476,0.693398118019104,0.69871985912323,0.9399619102478027,0.8921271562576294,0
0.5106580257415771,0.2534368634223938,0.7261720299720764,0.5060219168663025,0.6580827236175537,0.4974747896194458,0
0.5895333886146545,0.46264272928237915,0.5452379584312439,0.6298978328704834,0.612179696559906,0.6709675788879395,0
0.6686546206474304,0.4381633400917053,0.6124289035797119,0.3986941874027252,0.4285581707954407,0.6030704379081726,0
0.5226377844810486,0.6088681221008301,0.5862367153167725,0.8556240200996399,0.6053441762924194,0.9119640588760376,0
0.4727367162704468,0.5141807794570923,0.5953245162963867,0.7846928834915161,0.4519833028316498,1.441723346710205,0
0.4361364245414734,0.8628866076469421,0.3878622353076935,1.034021019935608,0.4088801443576813,0.8830398321151733,0
0.4919387102127075,0.5935068726539612,0.5700893402099609,0.7832982540130615,0.598732054233551,0.7882640957832336,0
0.2381121814250946,0.42285072803497314,0.4225022494792938,0.7484704852104187,0.42949527502059937,0.7991772890090942,0
0.4275122582912445,0.6190749406814575,0.4482772946357727,0.6409645080566406,0.24030230939388275,0.7220060229301453,0
0.7234705090522766,0.5770665407180786,0.5304486155509949,0.93147212266922,0.6665011048316956,1.2792986631393433,0
0.3909182846546173,0.751194953918457,0.36926865577697754,0.6479321122169495,0.6994438767433167,0.3541191518306732,0
0.5731353163719177,0.5530087947845459,0.5396342873573303,0.600878119468689,0.542561948299408,0.6906880140304565,0
0.7513330578804016,0.48240306973457336,0.4734136164188385,0.7893412113189697,0.2930251955986023,0.8138651847839355,0
0.7790840864181519,0.5350309610366821,0.6049204468727112,0.7549471855163574,0.6358906030654907,1.3746675252914429,0
0.3097330927848816,0.49764466285705566,0.33091187477111816,0.59342360496521,0.36840179562568665,0.5952160358428955,0
0.5385992527008057,0.37467920780181885,0.6009347438812256,0.567734956741333,0.5616794228553772,0.6639336347579956,0
0.5951080322265625,0.5017932653427124,0.5828814506530762,0.5594301819801331,0.6030452847480774,0.6904945969581604,0
0.6926805973052979,0.6198633909225464,0.765719473361969,0.8012471795082092,0.6643047332763672,1.097921371459961,0
0.878154993057251,0.3772108256816864,0.49572962522506714,0.7162121534347534,0.5090557932853699,0.7805567979812622,0
0.5907960534095764,0.4750128388404846,0.8043084144592285,0.503339409828186,0.7817221283912659,0.6134881973266602,0
0.632656455039978,0.36569297313690186,0.6404628157615662,0.4032595753669739,0.5721116662025452,0.4991326630115509,0
0.9176281094551086,0.43646442890167236,0.9093744158744812,0.6045476198196411,0.7757139801979065,0.5746675729751587,0
0.607561469078064,0.5058040618896484,0.6136722564697266,0.5791605710983276,0.6115310192108154,0.6195636987686157,0
0.6458843946456909,0.2716999053955078,0.6438585519790649,0.28890353441238403,0.8047505021095276,0.5484780073165894,0
0.5750270485877991,0.5937480330467224,0.4581648111343384,0.7046983242034912,0.5277523994445801,0.5122101902961731,0
0.6675792932510376,0.535179615020752,0.6640951037406921,0.5678308606147766,1.005544900894165,0.899117648601532,0
0.3268560767173767,0.5245730876922607,0.5317510962486267,0.62080979347229,0.5187230706214905,0.6613363027572632,0
0.522392749786377,0.44154155254364014,0.38209769129753113,0.546644926071167,0.5434194207191467,0.6350550651550293,0
0.3143792748451233,0.43271270394325256,0.3099335730075836,0.5143536329269409,0.19775325059890747,0.5147057175636292,0
0.7892957925796509,0.3527582585811615,0.5370862483978271,0.41758856177330017,0.8170273303985596,0.5454904437065125,0
0.6812145709991455,0.4573783278465271,0.5572667717933655,0.6983675360679626,0.3754236102104187,0.8009267449378967,0
0.5240552425384521,0.4153482913970947,0.5600306987762451,0.4529131054878235,0.617486834526062,0.6107392311096191,0
0.6700986623764038,0.46304500102996826,0.5914849042892456,0.7414644360542297,0.6938784718513489,1.1675729751586914,0
0.5447230935096741,0.45418575406074524,0.7425359487533569,0.5974256992340088,0.7561680674552917,0.5893001556396484,0
0.49405011534690857,0.39202094078063965,0.3571104407310486,0.3599175810813904,0.4337112307548523,0.48093876242637634,0
0.30652177333831787,0.7664180397987366,0.3061602711677551,0.8482578992843628,0.49552783370018005,0.4968990683555603,0
0.49150192737579346,0.5110679268836975,0.52239990234375,0.6756339073181152,0.44318920373916626,0.7964048981666565,0
0.7766869068145752,0.3491383194923401,0.842207670211792,0.4776591956615448,0.6098939180374146,0.6580365300178528,0
0.796785831451416,0.4883526861667633,0.8465486764907837,0.496901273727417,0.5027703642845154,0.55370032787323,0
0.6564778685569763,0.29225873947143555,0.6699972748756409,0.42407840490341187,0.5946020483970642,0.7535165548324585,0
0.6338434219360352,0.3002949357032776,0.5856050252914429,0.22097039222717285,0.6439400315284729,0.5534547567367554,0
0.6492413282394409,0.5353968739509583,0.6230612993240356,0.5857245922088623,0.6411293148994446,0.6618495583534241,0
0.6714112162590027,0.31724321842193604,0.5520820021629333,0.5357899069786072,0.5262379050254822,0.602633535861969,0
0.8852967023849487,0.278591513633728,0.5857263803482056,0.35068127512931824,0.8131266832351685,0.6021745204925537,0
0.7012625336647034,0.610348105430603,0.6466568112373352,0.7422536015510559,0.7563287615776062,0.9943616986274719,0
0.2584128975868225,0.4015406370162964,0.3527719974517822,0.53871089220047,0.43133267760276794,0.6033415794372559,0
0.49308159947395325,0.33397871255874634,0.5858923196792603,0.5335553884506226,0.6911662220954895,0.593273401260376,0
0.6986488103866577,0.41379761695861816,0.777254581451416,0.6388242840766907,0.3382668197154999,0.681997537612915,0
0.527207612991333,0.29923883080482483,0.5074784159660339,0.489642858505249,0.5095886588096619,0.6646867990493774,0
0.22747716307640076,0.43355822563171387,0.23247624933719635,0.4551597535610199,0.31012701988220215,0.6575009226799011,0
0.634511411190033,0.41740792989730835,0.8980216383934021,0.47531694173812866,0.6580952405929565,0.7450817823410034,0
0.2964882254600525,0.32074999809265137,0.39616894721984863,0.29524707794189453,0.332427978515625,0.6257493495941162,0
0.2532885670661926,0.41401198506355286,0.39808300137519836,0.5452554225921631,0.35533344745635986,0.8092654347419739,0
0.6974203586578369,0.4663029611110687,0.476359099149704,0.5518285036087036,0.2965202033519745,0.8145604133605957,0
0.8107192516326904,0.5260215401649475,0.7941122651100159,0.493866890668869,0.6431397795677185,0.6091026067733765,0
0.44749701023101807,0.4618818461894989,0.5368660092353821,0.4997898042201996,0.5698738098144531,0.5700949430465698,0
0.537447988986969,0.3956003785133362,0.5413928627967834,0.6093599200248718,0.7894479632377625,0.6854171752929688,0
0.4838580787181854,0.6524615287780762,0.39377933740615845,0.9207230806350708,0.48039326071739197,1.2814452648162842,0
0.699973464012146,0.2948460578918457,0.49956008791923523,0.4281325936317444,0.6438913941383362,0.5018205046653748,0
0.36899977922439575,0.5085623860359192,0.37499916553497314,0.638877272605896,0.331487238407135,0.7361140251159668,0
0.8810135126113892,0.5423790216445923,0.93146151304245,0.8382740020751953,1.024907112121582,0.8436318635940552,0
0.5917497277259827,0.3324994742870331,0.435746431350708,0.4936595857143402,0.5459719300270081,0.6533380746841431,0
0.5412186980247498,0.5609756708145142,0.6084909439086914,0.9107553362846375,0.5644716024398804,0.9578157067298889,0
0.5939359664916992,0.34023940563201904,0.5530188083648682,0.325897216796875,0.5079021453857422,0.5268856883049011,0
0.6440660357475281,0.5511637926101685,0.6570268273353577,0.6081110239028931,0.8218804001808167,0.6989641189575195,0
0.7492071390151978,0.3061654269695282,0.815217137336731,0.48117706179618835,0.8137252330780029,0.5962646007537842,0
0.42580437660217285,0.3744448125362396,0.542076587677002,0.40650269389152527,0.4525144696235657,0.5661150217056274,0
0.573190450668335,0.5029313564300537,0.47292494773864746,0.5943384170532227,0.5290075540542603,0.6458585262298584,0
0.7484274506568909,0.34093865752220154,0.673363208770752,0.6443040370941162,0.5602550506591797,0.6928589940071106,0
0.6481640338897705,0.6883333921432495,0.5974051356315613,0.7471268177032471,0.4980827569961548,0.7285972833633423,0
0.7150815725326538,0.4359121322631836,0.3797473907470703,0.5319129824638367,0.26207274198532104,0.48427653312683105,0
0.6608064770698547,0.6596516370773315,0.6188467144966125,0.6695128679275513,0.5123207569122314,0.798007071018219,0
0.7530609369277954,0.5563551187515259,0.5804702043533325,0.594214677810669,0.38050591945648193,0.716860830783844,0
0.37512823939323425,0.403782457113266,0.40518665313720703,0.568874716758728,0.4353986382484436,0.6251844167709351,0
0.3582873046398163,0.31326740980148315,0.4139712452888489,0.5076080560684204,0.5133922100067139,0.6836158633232117,0
0.6438708305358887,0.3457809388637543,0.6482284069061279,0.5074245929718018,0.6836535930633545,0.6601361036300659,0
0.8908462524414062,0.6917667388916016,0.6998181343078613,0.8724832534790039,0.826717734336853,1.1669704914093018,0
0.519014298915863,0.332003653049469,0.6392750144004822,0.3606331944465637,0.7174440622329712,0.6483659744262695,0
0.4561195373535156,0.3260312080383301,0.46030890941619873,0.5278522968292236,0.7062294483184814,0.5806407928466797,0
0.5056896209716797,0.44190841913223267,0.4821789264678955,0.5088209509849548,0.5020978450775146,0.5005369782447815,0
0.5161325335502625,0.39075595140457153,0.5902935266494751,0.5066217184066772,0.5827798843383789,0.6415598392486572,0
0.49760502576828003,0.44386571645736694,0.38209715485572815,0.5044514536857605,0.6579933762550354,0.6077027916908264,0
0.6515816450119019,0.6662540435791016,0.6533725261688232,0.762845516204834,0.5468330979347229,0.8255059123039246,0
0.6028124690055847,0.5955784320831299,0.5966171026229858,0.6025558114051819,0.5402252674102783,0.5748571157455444,0
0.6728186011314392,0.4277281165122986,0.5585526823997498,0.55442214012146,0.6437778472900391,0.597266435623169,0
0.5260264873504639,0.38419628143310547,0.47591546177864075,0.5273422598838806,0.4875577688217163,0.7248074412345886,0
0.4642100930213928,0.4333314597606659,0.5320972204208374,0.3291594684123993,0.4520104229450226,0.5176341533660889,0
0.5660498738288879,0.5368623733520508,0.555086076259613,0.654729425907135,0.5279493927955627,0.728419840335846,0
0.5069406628608704,0.47349900007247925,0.5733138918876648,0.5900177955627441,0.6654706001281738,0.5842423439025879,0
0.6637250781059265,0.4039818048477173,0.6456850171089172,0.5293600559234619,0.7744745016098022,0.5759475231170654,0
0.5810079574584961,0.5359295606613159,0.4473220407962799,0.5848730802536011,0.4508277475833893,0.6912595629692078,0
0.6442447900772095,0.283846914768219,0.6018052101135254,0.49968668818473816,0.7241784930229187,0.5062299370765686,0
0.6452634930610657,0.3135702311992645,0.6611941456794739,0.26619744300842285,0.7615928649902344,0.5954042077064514,0
0.1611800640821457,0.4095282554626465,0.2848408818244934,0.6113638281822205,0.4696574807167053,0.7149202823638916,0
0.5809739232063293,0.5647961497306824,0.5406160354614258,0.8720335960388184,0.5489231944084167,1.2033313512802124,0
0.7237802743911743,0.642123281955719,0.7266626954078674,0.810469925403595,0.7121171355247498,0.8495258092880249,0
0.8753266334533691,0.6867738962173462,0.8622148036956787,0.8213338255882263,0.8725841045379639,0.917951762676239,0
0.37378519773483276,0.6216249465942383,0.48649775981903076,0.5563777685165405,0.4647563695907593,0.7059928774833679,0
0.6610667705535889,0.3717442452907562,0.5198838114738464,0.6296627521514893,0.7374342083930969,0.673947274684906,0
0.3522300720214844,0.5310022830963135,0.49728748202323914,0.5986607670783997,0.572013258934021,0.6160500049591064,0
0.6359513998031616,0.5314292907714844,0.6501715183258057,0.625958263874054,0.6792243719100952,0.7792800664901733,0
0.6431121826171875,0.4843088686466217,0.5811699032783508,0.5916645526885986,0.5458323955535889,0.7095032334327698,0
0.5603774785995483,0.601660966873169,0.3909449875354767,0.7156313061714172,0.4322740435600281,0.7177358865737915,0
0.47843262553215027,0.4905356466770172,0.40702423453330994,0.47456613183021545,0.3700328469276428,0.5598399639129639,0
0.6213934421539307,0.7325893640518188,0.5454521775245667,0.8770216107368469,0.598130464553833,0.8116228580474854,0
0.10997669398784637,0.5755051970481873,-0.03274111449718475,0.8088358640670776,0.021719463169574738,0.8458008766174316,0
0.6719531416893005,0.6404531002044678,0.505734920501709,0.9708298444747925,0.620592474937439,1.4228289127349854,0
0.706529438495636,0.410255491733551,0.8401343822479248,0.5229482650756836,0.8561126589775085,0.6068165302276611,0
0.7203058004379272,0.5338354110717773,0.5605191588401794,0.5510916709899902,0.6019406318664551,0.7877407073974609,0
0.2834571897983551,0.608619213104248,0.3676255941390991,0.6815292239189148,0.5099433660507202,0.7724483013153076,0
0.38379696011543274,0.7156838774681091,0.4067259132862091,0.9030023217201233,0.40133875608444214,1.250886082649231,0
0.45156413316726685,0.34900858998298645,0.5315878987312317,0.5298281908035278,0.7575730681419373,0.5594916939735413,0
0.8405821919441223,0.34767964482307434,0.6981992125511169,0.5399411916732788,0.6674255132675171,0.6673083305358887,0
0.5919692516326904,0.6219861507415771,0.5798154473304749,0.6736600995063782,0.348052442073822,0.7712292671203613,0
0.25450387597084045,0.23422487080097198,0.22714385390281677,0.3172142505645752,0.28216317296028137,0.46198922395706177,0
0.7820177674293518,0.3899877965450287,0.5686965584754944,0.7272343635559082,0.5103990435600281,0.5411662459373474,0
0.6574374437332153,0.41717588901519775,0.5971454381942749,0.4949871897697449,0.43155086040496826,0.5388932824134827,0
0.5189948081970215,0.7938187718391418,0.5690212845802307,0.8396821022033691,0.5600172877311707,0.8392629623413086,0
0.5909619927406311,0.31620121002197266,0.6464089751243591,0.541602373123169,0.8118239641189575,0.5809577703475952,0
0.6299105882644653,0.4144301414489746,0.5542203187942505,0.557934582233429,0.5054203867912292,0.5841529965400696,0
0.6025978326797485,0.42263728380203247,0.45744776725769043,0.6502861976623535,0.45006707310676575,0.6598373651504517,0
0.5412531495094299,0.4853016138076782,0.38578927516937256,1.0101535320281982,0.4016496539115906,0.9602863192558289,0
0.557867169380188,0.5640186071395874,0.6613898277282715,0.9232572317123413,0.5393515825271606,0.9911779761314392,0
0.4638001322746277,0.63057541847229,0.6245798468589783,0.8548113107681274,0.8231334686279297,0.8167944550514221,0
0.3278755843639374,0.4565732777118683,0.502105176448822,0.7099255919456482,0.6591521501541138,0.7374139428138733,0
0.42258012294769287,0.49689462780952454,0.4957302212715149,0.581767737865448,0.5614821910858154,0.6516332626342773,0
0.6574439406394958,0.6951839923858643,0.6322733163833618,0.7547898888587952,0.5981818437576294,0.7783293724060059,0
0.5328869819641113,0.32342690229415894,0.6083744168281555,0.49515846371650696,0.593938946723938,0.5028470754623413,0
0.481814980506897,0.4612923860549927,0.4308733642101288,0.48368653655052185,0.41990557312965393,0.648345947265625,0
0.6503822803497314,0.3874815106391907,0.6120112538337708,0.7883281111717224,0.6912268996238708,0.8546622395515442,0
0.7975380420684814,0.5466319918632507,0.6926729679107666,0.6678073406219482,0.5303530097007751,0.7074276208877563,0
0.451896071434021,0.7248216867446899,0.4870957136154175,0.721192479133606,0.474955677986145,0.739553689956665,0
0.6556861996650696,0.23893465101718903,0.7116813063621521,0.46381211280822754,0.7113081216812134,0.6532323360443115,0
0.7441608905792236,0.6218444108963013,0.76395583152771,0.7429585456848145,0.7660214900970459,0.766422688961029,0
0.6837402582168579,0.6541010141372681,0.6427746415138245,0.6681581735610962,0.5695849657058716,0.709566593170166,0
0.5970709919929504,0.5716328024864197,0.6208395957946777,0.6797913908958435,0.5995516777038574,0.7624306678771973,0
0.6778997182846069,0.24119356274604797,0.6067992448806763,0.3266914188861847,0.9161341190338135,0.5515450239181519,0
0.7537168860435486,0.43838632106781006,0.3375876247882843,0.7213469743728638,0.48939937353134155,0.6125356554985046,0
0.6701940894126892,0.31401437520980835,0.6804837584495544,0.4884563088417053,0.5492441654205322,0.6409805417060852,0
0.6014670729637146,0.43670517206192017,0.5769171118736267,0.5831353664398193,0.6047173142433167,0.5875568389892578,0
0.574891209602356,0.38381630182266235,0.5823527574539185,0.37324798107147217,0.6122419834136963,0.41811591386795044,0
0.6125492453575134,0.3586995601654053,0.6956621408462524,0.48295944929122925,0.6321268081665039,0.5037861466407776,0
0.47326576709747314,0.36913377046585083,0.19599950313568115,0.7562810182571411,0.055820345878601074,0.6924613118171692,0
0.4382432699203491,0.32574811577796936,0.4866624176502228,0.3253694474697113,0.5034066438674927,0.6688961982727051,0
0.7493114471435547,0.5752545595169067,0.7928926348686218,0.8503513336181641,0.7428084015846252,1.006060004234314,0
0.6578580737113953,0.39783021807670593,0.6700756549835205,0.5245445370674133,0.6056573390960693,0.677630603313446,0
0.6072725057601929,0.3156992495059967,0.6590535640716553,0.3332841396331787,0.6940609216690063,0.6151962280273438,0
0.4811679720878601,0.25176844000816345,0.5932005643844604,0.5442684888839722,0.773396372795105,0.5584548711776733,0
0.6064308285713196,0.30488061904907227,0.5075620412826538,0.5875375866889954,0.7661129236221313,0.599756121635437,0
0.5770668983459473,0.3134385943412781,0.6147769689559937,0.5055926442146301,0.4661858081817627,0.5682349801063538,0
0.45859014987945557,0.33226341009140015,0.446323037147522,0.3234041929244995,0.49472054839134216,0.5707547068595886,0
0.49664488434791565,0.40305453538894653,0.5066466927528381,0.37619614601135254,0.5512556433677673,1.1301685571670532,0
0.9804063439369202,0.36931732296943665,0.8812977075576782,0.5147659778594971,0.8731300234794617,0.7530120611190796,0
0.6235145330429077,0.7106863856315613,0.5381253957748413,0.8803482055664062,0.711635947227478,0.8562864661216736,0
0.6662000417709351,0.3012637197971344,0.46699512004852295,0.49777328968048096,0.2715262770652771,0.5876665115356445,0
0.5293605923652649,0.38898858428001404,0.46949291229248047,0.35817137360572815,0.4524161219596863,0.6419593691825867,0
0.8034475445747375,0.5902388095855713,0.7824805378913879,0.9734714031219482,0.740336000919342,1.1779783964157104,0
0.4275057911872864,0.4693370461463928,0.3012254238128662,0.540043830871582,0.36840003728866577,0.564054548740387,0
0.7456892132759094,0.3694421648979187,0.8316758871078491,0.8588100075721741,0.7421355247497559,0.9902321100234985,0
0.6688363552093506,0.3998752534389496,0.36823350191116333,0.5648840069770813,0.41015520691871643,0.6311032772064209,0
0.4580243229866028,0.48280084133148193,0.5581970810890198,0.5515058040618896,0.7025037407875061,0.6846215724945068,0
0.5493236184120178,0.44711214303970337,0.5505181550979614,0.5798820853233337,0.5356631278991699,0.6254550814628601,0
0.630479097366333,0.6398122906684875,0.600508987903595,0.7283461689949036,0.5970085859298706,1.5372085571289062,0
0.26729583740234375,0.32788529992103577,0.23390552401542664,0.5364000201225281,0.3172765374183655,0.4379265606403351,0
0.7230445146560669,0.7299497127532959,0.685386061668396,0.7862946391105652,0.7264440059661865,0.8107019066810608,0
0.2548351585865021,0.3609592616558075,0.23010198771953583,0.5442330241203308,0.5271722078323364,0.5930901765823364,0
0.6137698888778687,0.41707301139831543,0.665793776512146,0.5689184069633484,0.6860549449920654,0.6339969038963318,0
0.16697204113006592,0.5859984159469604,0.11992191523313522,0.5601931810379028,0.33426201343536377,0.8029728531837463,0
0.8132888674736023,0.6231643557548523,0.8504297137260437,0.7027749419212341,0.8121153116226196,0.8755174279212952,0
0.3474244177341461,0.3407241702079773,0.36636337637901306,0.44829854369163513,0.41457968950271606,0.5327640771865845,0
0.44910821318626404,0.27171847224235535,0.49308907985687256,0.27291882038116455,0.5950154066085815,0.4922301769256592,0
0.4290168285369873,0.3156985342502594,0.4989691972732544,0.4267553687095642,0.6277064085006714,0.5404177308082581,0
0.8993623852729797,0.076701819896698,0.7071031332015991,0.3879268169403076,0.7172868847846985,0.3962347209453583,0
0.7355163097381592,0.28322234749794006,0.921589732170105,0.5258368849754333,0.5108805894851685,0.42097175121307373,0
0.6500546932220459,0.2723020613193512,0.6235929131507874,0.44713932275772095,0.6409400701522827,0.5692352056503296,0
0.4985823929309845,0.492902010679245,0.33761173486709595,0.6284644603729248,0.5490251779556274,0.6301640272140503,0
0.17292971909046173,0.5381174683570862,0.1976909637451172,0.7180749177932739,0.250560462474823,0.7353336811065674,0
0.5777681469917297,0.7127139568328857,0.5402637720108032,0.8938707113265991,0.5916805267333984,1.043689489364624,0
0.675523042678833,0.5128059983253479,0.6887763738632202,0.9787083864212036,0.6189430952072144,1.159116506576538,0
0.676618218421936,0.34877368807792664,0.4023022949695587,0.49494069814682007,0.7624843120574951,0.757271945476532,0
0.28226885199546814,0.4416390359401703,0.24015206098556519,0.6006352305412292,0.3089793920516968,0.6552055478096008,0
0.2055617868900299,0.7547186017036438,0.2097676396369934,0.8598470091819763,0.1748979240655899,1.01902437210083,0
0.2856256365776062,0.7183249592781067,0.43046119809150696,0.8214820623397827,0.42840346693992615,0.8257810473442078,0
0.7455615401268005,0.3011449873447418,0.629746675491333,0.38459134101867676,0.4975041449069977,0.4083912968635559,0
0.25516223907470703,0.8158576488494873,0.2898111343383789,0.8582775592803955,0.330648273229599,0.8612233996391296,0
0.49859774112701416,0.6127577424049377,0.6603119373321533,0.8341204524040222,0.453781396150589,1.356095314025879,0
0.5746592283248901,0.6059972643852234,0.545525074005127,0.6316214799880981,0.5909948348999023,0.770092248916626,0
0.7512364983558655,0.6434850096702576,0.49953606724739075,0.9133429527282715,0.691287636756897,1.362927794456482,0
0.6519817113876343,0.5268250107765198,0.454433798789978,0.5929703712463379,0.6839022040367126,0.9805266261100769,0
0.8617324829101562,0.7378597259521484,0.763366162776947,0.9126725792884827,0.9684333205223083,0.9097006320953369,0
0.5557481646537781,0.7578479647636414,0.5327080488204956,0.8403080701828003,0.49872803688049316,0.8381455540657043,0
0.8098424673080444,0.4234107732772827,0.6433662176132202,0.5925701856613159,0.7787297964096069,0.6238438487052917,0
0.43696534633636475,0.33973047137260437,0.46268099546432495,0.36242344975471497,0.45654383301734924,0.39816781878471375,0
0.688976526260376,0.31317418813705444,0.5981165170669556,0.4796026051044464,0.607090413570404,0.4692865014076233,0
0.5213243961334229,0.5817150473594666,0.5983648300170898,0.7315661311149597,0.5759116411209106,0.7403116226196289,0
0.2519223093986511,0.4894043505191803,0.30215510725975037,0.579055666923523,0.3454125225543976,0.6367162466049194,0
0.4654098153114319,0.45441389083862305,0.5556304454803467,0.5624634623527527,0.5715404748916626,0.6113200187683105,0
0.5408807396888733,0.44407474994659424,0.553014874458313,0.4560624361038208,0.6342929005622864,0.6727742552757263,0
0.6378672122955322,0.3860490322113037,0.49294689297676086,0.5779551267623901,0.39226439595222473,0.6186709403991699,0
0.608046293258667,0.4276634752750397,0.5744417309761047,0.4228259027004242,0.5024304986000061,0.7782264947891235,0
0.7241373658180237,0.30930623412132263,0.5613031983375549,0.44686323404312134,0.4779272973537445,0.5498915910720825,0
0.678642988204956,0.418509304523468,0.33629339933395386,0.7391350269317627,0.37613964080810547,0.9638712406158447,0
0.379911333322525,0.48886939883232117,0.4626988470554352,0.6072382926940918,0.6291587948799133,0.6191521883010864,0
0.6723631024360657,0.41230684518814087,0.5663053393363953,0.6091809272766113,0.8479871153831482,0.6019150018692017,0
0.6098392009735107,0.3852999806404114,0.5384600162506104,0.6145042181015015,0.7238661050796509,0.6123601198196411,0
0.5892684459686279,0.39960163831710815,0.653384804725647,0.5400192141532898,0.6274052858352661,0.6158512830734253,0
0.71380615234375,0.4222992956638336,0.45453789830207825,0.5803728699684143,0.3101981282234192,0.6243114471435547,0
0.5162968635559082,0.4878948926925659,0.824006199836731,0.6500329971313477,0.9013701677322388,0.7254565954208374,0
0.7551031708717346,0.4555342197418213,0.7596529126167297,0.570431649684906,0.09303349256515503,0.9185578227043152,0
0.6902871131896973,0.5027986168861389,0.6394597887992859,0.5776565670967102,0.5010839700698853,0.6337655782699585,0
0.5161091685295105,0.3928677439689636,0.5712781548500061,0.33813339471817017,0.4065273404121399,0.5542052984237671,0
0.7493308782577515,0.4658670425415039,0.5361175537109375,0.6126660108566284,0.7709430456161499,0.681046187877655,0
0.6104019284248352,0.4235471487045288,0.4351315200328827,0.5148063898086548,0.3135635554790497,0.4535609483718872,0
0.7890786528587341,0.28524282574653625,0.7157598733901978,0.5863565802574158,0.5316060781478882,0.501359760761261,0
0.5825400352478027,0.46987205743789673,0.5659569501876831,0.6830229163169861,0.6735897064208984,0.7618975043296814,0
0.5512201189994812,0.4244126081466675,0.4233817160129547,0.8522841334342957,0.4788842797279358,1.0191633701324463,0
0.5666478276252747,0.3020835220813751,0.5831267237663269,0.38246917724609375,0.5182820558547974,0.6257643103599548,0
0.6845755577087402,0.4404309093952179,0.5037437677383423,0.8144053816795349,0.10547211766242981,0.9207471609115601,0
0.7703185081481934,0.385908305644989,0.8368017077445984,0.7681775093078613,0.296622097492218,0.6827545166015625,0
0.5588244795799255,0.571094274520874,0.806715190410614,0.7542951703071594,0.9336657524108887,0.7516160607337952,0
0.6827213764190674,0.38677453994750977,0.6687625646591187,0.5954246520996094,0.8243467211723328,0.7712607979774475,0
0.6871997117996216,0.3994242548942566,0.7914677262306213,0.7648375630378723,0.7769020795822144,0.8594077229499817,0
0.5548674464225769,0.5941325426101685,0.6060374975204468,0.6039483547210693,0.08984888345003128,0.7459225654602051,0
0.6319382786750793,0.2729499340057373,0.5863611698150635,0.47659483551979065,0.7211534380912781,0.4611088037490845,0
0.7387025356292725,0.567194938659668,0.6770416498184204,0.833613395690918,0.22558952867984772,0.9045886993408203,0
0.4330741763114929,0.2390144020318985,0.39747411012649536,0.4987143576145172,0.4306836724281311,0.6344127058982849,0
0.381687194108963,0.415509968996048,0.6012563705444336,0.24911974370479584,0.8751305937767029,0.6315714120864868,0
0.6351531147956848,0.2325206696987152,0.5936093926429749,0.44662240147590637,0.7273653149604797,0.45666444301605225,0
0.41504183411598206,0.46108245849609375,0.4624759256839752,0.5297949910163879,0.5100926756858826,0.6349120140075684,0
0.6022697687149048,0.5146337747573853,0.6193524599075317,0.6409177780151367,0.5374523401260376,0.6779938340187073,0
0.4695807695388794,0.22185897827148438,0.5876416563987732,0.4089992642402649,0.3934432864189148,0.6149025559425354,0
0.49607059359550476,0.30184319615364075,0.36023008823394775,0.4922757148742676,0.3671591281890869,0.7640052437782288,0
0.5419409275054932,0.4470623731613159,0.5614880323410034,0.7687519788742065,0.8899338245391846,0.7779504656791687,0
0.6192836165428162,0.3591344654560089,0.7434579730033875,0.6720626950263977,0.6287400722503662,0.9367391467094421,0
0.692007303237915,0.3400168716907501,0.8560391068458557,0.796953558921814,0.853649377822876,0.8845124244689941,0
0.6631898283958435,0.5040692687034607,0.5482136607170105,0.594563901424408,0.38416317105293274,0.7012544870376587,0
0.44720658659935,0.5942184329032898,0.46990931034088135,0.6450124979019165,0.3862874209880829,0.759161114692688,0
0.6037861704826355,0.4125361442565918,0.6941176652908325,0.6808764338493347,0.7314642071723938,0.7677561640739441,0
0.6824684143066406,0.5076361894607544,0.47997933626174927,0.8739194869995117,0.7748543620109558,0.8403573036193848,0
0.3954237103462219,0.29269546270370483,0.49619385600090027,0.6089808344841003,0.45773088932037354,0.5196840763092041,0
0.6285392045974731,0.47912296652793884,0.6083142161369324,0.5762876868247986,0.38392388820648193,0.5844607353210449,0
0.6377300024032593,0.5101622343063354,0.4413062036037445,0.8797866702079773,0.475365549325943,0.9709858894348145,0
0.7026825547218323,0.5001189112663269,0.7441310882568359,0.8401223421096802,0.7831665277481079,0.8400863409042358,0
0.8063700795173645,0.609935998916626,0.6402680277824402,0.9357439279556274,0.5967492461204529,0.8925660252571106,0
0.6262772679328918,0.3261217772960663,0.723591685295105,0.602571964263916,0.7756712436676025,0.5475724935531616,0
0.6943907737731934,0.5256339311599731,0.29963237047195435,0.907399594783783,0.1845184862613678,1.0801215171813965,0
0.4337426424026489,0.519711971282959,0.5327550768852234,0.580776572227478,0.6716082692146301,0.691328227519989,0
0.6311443448066711,0.34764567017555237,0.8570026159286499,0.4124758243560791,1.0618095397949219,0.5886205434799194,0
0.7012472748756409,0.5475358366966248,0.5170849561691284,0.6522737145423889,0.5792592167854309,0.6887686252593994,0
0.6673509478569031,0.47281694412231445,0.644858717918396,0.6399197578430176,0.40438783168792725,0.627405047416687,0
0.19286589324474335,0.39711612462997437,0.22564367949962616,0.4139620065689087,0.23266971111297607,0.5518543720245361,0
0.7238665819168091,0.5070739388465881,0.653185248374939,0.5325314998626709,0.7417330741882324,0.5788607001304626,0
0.7700648307800293,0.5381038188934326,0.7870136499404907,0.5588403940200806,0.7379533648490906,0.5035077333450317,0
0.6854826211929321,0.6011579036712646,0.46939390897750854,0.5564780831336975,0.5975742936134338,0.987289309501648,0
0.8307839035987854,0.3988097906112671,0.7654857039451599,0.5102761387825012,0.7966800928115845,0.6962903141975403,0
0.5042109489440918,0.6501013040542603,0.5304855108261108,0.7235684394836426,0.6438631415367126,0.7632965445518494,0
0.5391120314598083,0.4159201979637146,0.5684338808059692,0.5535740256309509,0.6467373371124268,0.663682222366333,0
0.3539482057094574,0.32687515020370483,0.24451963603496552,0.5903739333152771,0.2466995269060135,0.6883755922317505,0
0.5111782550811768,0.4917253255844116,0.4992445111274719,0.6089174747467041,0.4708636999130249,0.7095251679420471,0
0.5192470550537109,0.41117435693740845,0.5751116275787354,0.49047937989234924,0.677415132522583,0.5426289439201355,0
0.6368417143821716,0.5529125928878784,0.5456936359405518,0.7390145659446716,0.481285959482193,0.8513192534446716,0
0.44468870759010315,0.2963683009147644,0.49348556995391846,0.4420230984687805,0.5650098919868469,0.4959399700164795,0
0.42937564849853516,0.6451014876365662,0.3987462520599365,0.6658867597579956,0.43239521980285645,0.7799020409584045,0
0.6004074811935425,0.5066977739334106,0.3859560489654541,0.6956206560134888,0.5428025126457214,1.3931528329849243,0
0.40175187587738037,0.390203595161438,0.43165168166160583,0.6330882906913757,0.4471486806869507,1.0039737224578857,1
0.4306936264038086,0.4154666066169739,0.42657506465911865,0.5562896132469177,0.4628138840198517,0.7132555246353149,1
0.7919056415557861,0.49240177869796753,0.42930319905281067,0.804521381855011,0.7965060472488403,0.8312332034111023,1
0.4033694863319397,0.37974047660827637,0.40938812494277954,0.5272617340087891,0.4755098223686218,0.6525285243988037,1
0.631984293460846,0.6050281524658203,0.6429145336151123,0.7294900417327881,0.6459340453147888,0.8410080671310425,1
0.561917781829834,0.410430371761322,0.5120434165000916,0.4690552353858948,0.5428141951560974,0.5272737145423889,1
0.4344734847545624,0.338861346244812,0.44586607813835144,0.5133122205734253,0.4989246428012848,0.6603277921676636,1
0.6486939191818237,0.5766369104385376,0.6598110198974609,0.6826661825180054,0.6414546966552734,0.7635757923126221,1
0.9070807695388794,0.6490398645401001,1.1300588846206665,1.0011316537857056,0.9717360734939575,1.3693432807922363,1
0.9077982902526855,0.6344321966171265,1.2229136228561401,1.5242009162902832,1.0594100952148438,2.586146354675293,1
0.6791388988494873,0.16180583834648132,0.44927942752838135,0.263412207365036,1.6963868141174316,0.27604180574417114,1
0.5146990418434143,0.5042751431465149,0.5932945609092712,0.8988503217697144,0.5388236045837402,1.1509888172149658,1
0.5987018942832947,0.2355206161737442,0.4327695965766907,0.36311018466949463,1.3567959070205688,0.2822808623313904,1
0.4466820955276489,0.48956823348999023,0.30212080478668213,0.5650087594985962,0.456317663192749,0.9166597723960876,1
0.6383246183395386,0.6385526657104492,0.7352321147918701,0.9960689544677734,0.6156752109527588,1.3574830293655396,1
0.6756826043128967,0.503997802734375,0.6698211431503296,0.7258334159851074,0.6592603325843811,0.9138299226760864,1
0.43005844950675964,0.3013773262500763,0.5055210590362549,0.5221389532089233,0.3772139847278595,0.8160623908042908,1
0.3239128589630127,0.42051172256469727,0.2829223871231079,0.6130527257919312,0.29000383615493774,0.8471300601959229,1
0.6639723181724548,0.41487500071525574,0.5626300573348999,0.34710100293159485,0.7452993988990784,0.49926644563674927,1
0.7150261402130127,0.4241131544113159,0.7791441082954407,0.8339340686798096,0.7267130017280579,0.7585806846618652,1
0.38017913699150085,0.6246938705444336,0.7217394113540649,0.7061824202537537,0.24647727608680725,1.9412758350372314,1
0.9153095483779907,0.6895581483840942,0.8978227376937866,1.561295747756958,0.8315483331680298,2.3084940910339355,1
0.7619707584381104,0.8206408023834229,0.9291688799858093,1.4063820838928223,0.6533805131912231,1.942577838897705,1
0.6701414585113525,0.24608221650123596,0.5941298007965088,0.450652152299881,0.6402532458305359,0.6414612531661987,1
0.4110293984413147,0.4899301528930664,0.4307246804237366,0.5621054768562317,0.41695868968963623,0.7716464996337891,1
0.5569966435432434,0.2939550280570984,0.5671332478523254,0.41617247462272644,0.5315319299697876,0.5195119380950928,1
0.5560580492019653,0.45474427938461304,0.545832633972168,0.593705952167511,0.5175251364707947,0.6766163110733032,1
0.6142471432685852,0.5602482557296753,0.5777069926261902,0.6685652136802673,0.6613185405731201,0.7544950246810913,1
0.6611454486846924,0.5720342993736267,0.693223237991333,0.6735711097717285,0.6201981902122498,0.7533723711967468,1
0.4785791337490082,0.6625174880027771,0.5149094462394714,0.8169878721237183,0.5870578289031982,0.7443735599517822,1
0.5514301061630249,0.23105253279209137,0.5718410015106201,0.4756203591823578,0.5716196298599243,0.6826674938201904,1
0.32399651408195496,0.5922549962997437,0.33998993039131165,0.6069421172142029,0.3349389135837555,0.6824982762336731,1
0.5481619238853455,0.48076745867729187,0.5711709260940552,0.5646758079528809,0.5047067999839783,0.6353012323379517,1
0.5900421738624573,0.46051645278930664,0.49667954444885254,0.5542256832122803,0.5339393615722656,0.7390031814575195,1
0.5775377154350281,0.6708351969718933,0.5620040893554688,0.736375093460083,0.5698995590209961,0.7734816670417786,1
0.525114119052887,0.7792531847953796,0.5194846391677856,0.7982994914054871,0.5004767775535583,0.9176161885261536,1
0.6272262930870056,0.5461214780807495,0.6558721661567688,0.8418928980827332,0.5717348456382751,1.1776257753372192,1
0.3974418342113495,0.5797508955001831,0.41824203729629517,0.7144107222557068,0.47495731711387634,0.9452362060546875,1
0.46268290281295776,0.502026379108429,0.46149522066116333,0.6366767883300781,0.4780420958995819,0.7542656660079956,1
0.47316378355026245,0.6467807292938232,0.4685479402542114,0.7316570281982422,0.506935179233551,0.7943642735481262,1
0.38479313254356384,0.5837296843528748,0.5031682252883911,0.6201069355010986,0.3909996747970581,0.926398515701294,1
0.7925361394882202,0.2351284921169281,0.7922040820121765,0.47823160886764526,0.8154650330543518,0.6805284023284912,1
0.4626481533050537,0.26635879278182983,0.460877925157547,0.43279576301574707,0.40832751989364624,0.6824867129325867,1
0.3901481628417969,0.4126630425453186,0.5090913772583008,0.43432000279426575,0.4315982460975647,0.6918963193893433,1
0.5577396154403687,0.4471486508846283,0.5960357785224915,0.5519476532936096,0.5781536102294922,0.7397648096084595,1
0.6261375546455383,0.2605041265487671,0.5924049019813538,0.4563305974006653,0.5628769397735596,0.6943220496177673,1
0.6096024513244629,0.3561892807483673,0.7576621770858765,0.787102222442627,0.6795779466629028,1.0397617816925049,1
0.6207898259162903,0.4916899502277374,0.5221507549285889,0.5222625732421875,0.5885622501373291,0.7621029615402222,1
0.5107985138893127,0.49066680669784546,0.46262481808662415,0.5342008471488953,0.4861021935939789,0.7180987000465393,1
0.5053192377090454,0.6030048131942749,0.5024412870407104,0.6913911700248718,0.5350771546363831,0.7804292440414429,1
0.5140125751495361,0.3974742293357849,0.5741785168647766,0.5609995722770691,0.4890960454940796,0.6967875957489014,1
0.4514859914779663,0.45937514305114746,0.45243239402770996,0.60882967710495,0.47173768281936646,0.7165328860282898,1
0.791731595993042,0.5976454019546509,0.8672682046890259,1.0056815147399902,0.6638790369033813,1.329886794090271,1
0.5137044787406921,0.2865755558013916,0.5061933398246765,0.43933358788490295,0.5078859329223633,0.5810220837593079,1
0.5945296287536621,0.3093295991420746,0.6747551560401917,0.5474133491516113,0.5811450481414795,0.7073054909706116,1
0.5568922162055969,0.4749724566936493,0.5600621104240417,0.6832887530326843,0.5141022205352783,0.8136895895004272,1
0.44692039489746094,0.534144401550293,0.42247140407562256,0.7018236517906189,0.4972142279148102,0.7968223094940186,1
0.6062073707580566,0.32371649146080017,0.5948212146759033,0.5361244678497314,0.5553696751594543,0.7237116098403931,1
0.48014771938323975,0.4910318851470947,0.5169733762741089,0.39752110838890076,0.4956364035606384,0.7651994228363037,1
0.31037500500679016,0.4813256859779358,0.3166486620903015,0.5885081887245178,0.3233332931995392,0.6866201162338257,1
0.5076906681060791,0.6666823029518127,0.5182926058769226,0.7894371747970581,0.5227131843566895,0.8814142346382141,1
0.6786383986473083,0.36614468693733215,0.5684607028961182,0.38732925057411194,0.5904395580291748,0.7170509099960327,1
0.5556505918502808,0.6184578537940979,0.5529299974441528,0.7264986038208008,0.5320747494697571,0.8471201062202454,1
0.4591785669326782,0.69704669713974,0.43617701530456543,0.7817968130111694,0.4740452170372009,0.8451471328735352,1
0.46357670426368713,0.5330002307891846,0.4636021852493286,0.6378134489059448,0.47470584511756897,0.7532436847686768,1
0.6026642322540283,0.4880678653717041,0.5807029008865356,0.6333208084106445,0.5711175203323364,0.7847998738288879,1
0.7105841636657715,0.3682357668876648,0.7039898633956909,0.5823186039924622,0.6540848016738892,0.7618525624275208,1
0.555777907371521,0.6820648908615112,0.5652565956115723,0.7785397171974182,0.5363422632217407,0.8382958173751831,1
0.6276867389678955,0.5941327810287476,0.7452161908149719,0.857898473739624,0.6025905609130859,1.3122285604476929,1
0.5501098036766052,0.5416390895843506,0.700427234172821,1.0158581733703613,0.6649587750434875,1.5590834617614746,1
0.5520032048225403,0.32316431403160095,0.5309209823608398,0.4060767889022827,0.5382900834083557,0.7150358557701111,1
0.5268024206161499,0.5503528118133545,0.5129215121269226,0.7094945907592773,0.5367385745048523,0.8183238506317139,1
0.5821484923362732,0.5280164480209351,0.479743093252182,0.8093011975288391,0.47257164120674133,1.0728623867034912,1
0.46614181995391846,0.5958190560340881,0.5313425064086914,0.8912217020988464,0.502508819103241,1.1422970294952393,1
0.34743210673332214,0.30577683448791504,0.33834850788116455,0.37044593691825867,0.37754786014556885,0.6645417213439941,1
0.45999276638031006,0.23800146579742432,0.6045998930931091,0.3310723304748535,0.38949820399284363,0.6814621686935425,1
0.5339308977127075,0.5893827080726624,0.5401899814605713,0.6630117297172546,0.5253912210464478,0.7681071162223816,1
0.4542274475097656,0.6254097819328308,0.46567973494529724,0.664253294467926,0.47451478242874146,0.7445427775382996,1
0.475229412317276,0.615183413028717,0.46273577213287354,0.7018665075302124,0.49791786074638367,0.7699726223945618,1
0.5018784403800964,0.6533142328262329,0.501755952835083,0.73311847448349,0.5185445547103882,0.7868980169296265,1
0.5146653056144714,0.6510040760040283,0.5133472681045532,0.6227886080741882,0.540170431137085,0.7881576418876648,1
0.4645768404006958,0.39265042543411255,0.4543592929840088,0.5836000442504883,0.46697551012039185,0.760767936706543,1
0.4477229714393616,0.4831119477748871,0.4622969329357147,0.5351486802101135,0.45790472626686096,0.6520746350288391,1
0.47724923491477966,0.4646763205528259,0.4616512060165405,0.5492045879364014,0.4958232641220093,0.6150877475738525,1
0.6434423327445984,0.2732125520706177,0.6486942172050476,0.48675164580345154,0.6177405714988708,0.6446160078048706,1
0.4417370557785034,0.41721031069755554,0.40103599429130554,0.5806208848953247,0.4751724898815155,0.6989834308624268,1
0.6133487224578857,0.31090259552001953,0.6598339080810547,0.5015490651130676,0.563026487827301,0.6473346948623657,1
0.5274896025657654,0.4374447464942932,0.5409471988677979,0.62656569480896,0.5104692578315735,0.7707071304321289,1
0.639115571975708,0.4978565573692322,0.6576824188232422,0.7434131503105164,0.6201042532920837,0.9176688194274902,1
0.6174846887588501,0.3752864599227905,0.5845016837120056,0.5394514203071594,0.6255697011947632,0.6860511302947998,1
0.3146042227745056,0.7108845710754395,0.3329601287841797,0.7632395625114441,0.31910544633865356,0.8235644102096558,1
0.6291329264640808,0.44785305857658386,0.5993078351020813,0.7708118557929993,0.6201024055480957,0.9297629594802856,1
0.47711750864982605,0.5383569002151489,0.4663756489753723,0.6970258355140686,0.4891783595085144,0.8019108176231384,1
0.4779089689254761,0.5281288623809814,0.4729688763618469,0.563174843788147,0.4912378191947937,0.7346897125244141,1
0.44089123606681824,0.5535153150558472,0.42735159397125244,0.8628425598144531,0.40026360750198364,1.2126100063323975,1
0.6815646886825562,0.5633099675178528,0.7666242718696594,0.47495773434638977,0.6259249448776245,1.1684736013412476,1
0.48795628547668457,0.4068126082420349,0.4648662209510803,0.6600184440612793,0.4972127676010132,1.1744494438171387,1
0.4577232599258423,0.4582637548446655,0.44574546813964844,0.6072070002555847,0.4742735028266907,0.7242724299430847,1
0.6502864360809326,0.46945351362228394,0.6545451879501343,0.49255886673927307,0.6850813031196594,0.7501404881477356,1
0.6310724020004272,0.5345444679260254,0.6684660911560059,0.698881208896637,0.6211298704147339,1.2166738510131836,1
0.6124260425567627,0.46250295639038086,0.5050868391990662,0.5986212491989136,0.6054589748382568,1.08247971534729,1
0.5224784016609192,0.3453366160392761,0.5727059841156006,0.5210388898849487,0.5080685019493103,0.6788498759269714,1
0.5542351007461548,0.351635217666626,0.5874475836753845,0.7399517297744751,0.5216816067695618,1.1543118953704834,1
0.5899837017059326,0.44663071632385254,0.7333500385284424,0.4491659998893738,0.5292827486991882,0.6950144171714783,1
0.3861513137817383,0.6303605437278748,0.4437871277332306,0.923164427280426,0.4610197842121124,1.1966962814331055,1
0.8706802129745483,0.7154014706611633,1.0452377796173096,1.2713193893432617,0.7271754741668701,1.7303187847137451,1
0.2764888405799866,0.3848647475242615,0.23352113366127014,0.4219779074192047,0.28560781478881836,0.5676066279411316,1
0.4709118604660034,0.40030592679977417,0.4902178645133972,0.4149577021598816,0.4896427392959595,0.7587287425994873,1
0.47833451628685,0.6549047231674194,0.4775054156780243,0.6475982069969177,0.49904724955558777,0.7761845588684082,1
0.4414125382900238,0.2997230291366577,0.4186895489692688,0.4195263087749481,0.4530683159828186,0.5126389861106873,1
0.4400668442249298,0.5464740991592407,0.46880611777305603,0.8779036998748779,0.4281381368637085,0.7593256831169128,1
0.45979249477386475,0.3386062979698181,0.525567352771759,0.4373375177383423,0.5632809400558472,0.6847680807113647,1
0.8577813506126404,0.6164891719818115,0.7369885444641113,0.8057118654251099,0.7635910511016846,1.3466771841049194,1
0.6120160222053528,0.3588124215602875,0.7572740912437439,0.6743300557136536,0.786089301109314,0.8872953057289124,1
0.5146647095680237,0.5686353445053101,0.5129293203353882,0.7117632031440735,0.48987773060798645,0.8260381817817688,1
0.6106452941894531,0.4015163779258728,0.5463196039199829,0.4535209834575653,0.5794438123703003,0.8170391917228699,1
0.7699133157730103,0.3736552298069,0.6151747703552246,0.6494976282119751,0.6909147500991821,0.9809837341308594,1
0.36518436670303345,0.30401360988616943,0.3855970501899719,0.24673599004745483,0.3653704822063446,0.700100302696228,1
0.44360268115997314,0.4166320562362671,0.43727388978004456,0.5949704051017761,0.487426221370697,0.7351222634315491,1
0.5217916965484619,0.4222504496574402,0.6472062468528748,0.4339161813259125,0.5078208446502686,0.6505265235900879,1
0.34674906730651855,0.7437372207641602,0.35033783316612244,0.7614617943763733,0.34146735072135925,0.8532776832580566,1
0.6356861591339111,0.5055667161941528,0.4273175001144409,0.6664856672286987,0.49276912212371826,0.9213161468505859,1
0.6227472424507141,0.5253390669822693,0.6258776187896729,0.7897377610206604,0.5782785415649414,1.2201967239379883,1
0.44519707560539246,0.47555166482925415,0.5004199743270874,0.7167439460754395,0.4514538049697876,0.8393977284431458,1
0.5169229507446289,0.5456606149673462,0.5253563523292542,0.7371903657913208,0.5201095342636108,0.9228370785713196,1
0.3736881911754608,0.3374762237071991,0.4070133864879608,0.42055025696754456,0.38708555698394775,0.667150616645813,1
0.17655199766159058,0.5612304210662842,0.2041827142238617,0.5459845662117004,0.19461983442306519,0.7425483465194702,1
0.5366222262382507,0.3566104769706726,0.5744820237159729,0.5336752533912659,0.5082935094833374,0.663020670413971,1
0.5215962529182434,0.4181167185306549,0.5419802069664001,0.5150210857391357,0.5173330307006836,0.5792627334594727,1
0.4787153899669647,0.5537884831428528,0.5044528841972351,0.6848669648170471,0.49578773975372314,0.7943257093429565,1
0.5562127232551575,0.4337283968925476,0.5593858957290649,0.5567573308944702,0.5336182713508606,0.6620761156082153,1
0.5479891300201416,0.5566025972366333,0.5515600442886353,0.7603306174278259,0.5628768801689148,0.9122176766395569,1
0.8002442121505737,0.5345207452774048,0.7928083539009094,0.718696653842926,0.720349907875061,0.9850547313690186,1
0.6722918748855591,0.44151508808135986,0.5783410668373108,0.8210830688476562,0.42360055446624756,0.9797205328941345,1
0.6196236610412598,0.5003902316093445,0.8150331974029541,0.6341511607170105,0.4100032150745392,1.0648601055145264,1
0.47404471039772034,0.574476420879364,0.34762632846832275,0.5612181425094604,0.49139776825904846,0.731644868850708,1
0.7868173718452454,0.42205876111984253,0.7064807415008545,0.5230985283851624,0.7594759464263916,0.6344989538192749,1
0.6870331764221191,0.4979408383369446,0.7002847194671631,0.6009408831596375,0.6688894629478455,0.7569533586502075,1
0.7915380597114563,0.6086876392364502,0.550959587097168,0.86515212059021,0.7757833003997803,1.373021125793457,1
0.6349200010299683,0.42743980884552,0.6429281830787659,0.5072406530380249,0.6634721159934998,0.7491516470909119,1
0.13061322271823883,0.4647378623485565,0.1438598930835724,0.46563124656677246,0.1381596475839615,0.7290354371070862,1
0.32128334045410156,0.32569432258605957,0.30999812483787537,0.5477541089057922,0.31981030106544495,0.6863443851470947,1
0.41626885533332825,0.6375829577445984,0.42125704884529114,0.6979977488517761,0.4649656414985657,0.8191854953765869,1
0.7123222947120667,0.3468323349952698,0.5930399894714355,0.45395627617836,0.7054351568222046,0.8155326843261719,1
0.5040931105613708,0.27852320671081543,0.503633975982666,0.42686590552330017,0.5224000215530396,0.688015341758728,1
0.6452043652534485,0.42098701000213623,0.6334431171417236,0.6969578862190247,0.6680158376693726,0.8966265916824341,1
0.5227910876274109,0.46142759919166565,0.40512165427207947,0.8406627178192139,0.4742356538772583,0.9950587749481201,1
0.8654342889785767,0.50673907995224,0.5675233006477356,0.982287585735321,0.5209769010543823,1.472308874130249,1
0.5808616280555725,0.30640876293182373,0.558565080165863,0.3707923889160156,0.6068631410598755,0.5823066234588623,1
0.3911871314048767,0.4000536799430847,0.34858962893486023,0.5339965224266052,0.3477722406387329,0.5953877568244934,1
0.4539918899536133,0.17868560552597046,0.45676133036613464,0.3192142844200134,0.41527867317199707,0.45676589012145996,1
0.5261291265487671,0.4367474317550659,0.5732038617134094,0.5881258845329285,0.5507705807685852,0.689376950263977,1
0.5341507792472839,0.5739967226982117,0.5261295437812805,0.8244837522506714,0.5406753420829773,0.8894659280776978,1
0.6311852335929871,0.3291861116886139,0.634749174118042,0.46956562995910645,0.5553120374679565,0.7147678136825562,1
0.5622584223747253,0.4031789004802704,0.5772820711135864,0.6605652570724487,0.5429418683052063,0.8688271045684814,1
0.5655640363693237,0.4959676265716553,0.569378137588501,0.6654140949249268,0.5294845104217529,0.8681875467300415,1
0.6540777683258057,0.4191168248653412,0.6723482012748718,0.7015771865844727,0.6412288546562195,0.8392122983932495,1
0.5574541091918945,0.5730173587799072,0.6564897298812866,0.8992051482200623,0.5805882811546326,1.0620366334915161,1
0.6407402157783508,0.22072960436344147,0.8704622387886047,0.5207864046096802,0.8053385019302368,0.5642866492271423,1
0.4984513223171234,0.42506811022758484,0.5243445038795471,0.6048057675361633,0.4540669918060303,0.7312988638877869,1
0.7531283497810364,0.4281720519065857,0.40260857343673706,0.7066192030906677,0.6669232845306396,1.1273969411849976,1
0.5671114921569824,0.7008141279220581,0.5634886622428894,0.756234884262085,0.5902153253555298,1.3408241271972656,1
0.596024751663208,0.5827644467353821,0.6659390330314636,0.5484260320663452,0.6125560402870178,0.8101974129676819,1
0.7897220849990845,0.42738479375839233,0.7614600658416748,0.9869418144226074,0.5937909483909607,1.2916407585144043,1
0.7397483587265015,0.5222862958908081,0.8798375129699707,1.0512707233428955,0.6504538059234619,1.46436607837677,1
0.6376668214797974,0.6523006558418274,0.7019554376602173,1.1817028522491455,0.5850154161453247,1.62248957157135,1
0.41135960817337036,0.47390156984329224,0.3044370710849762,0.580721914768219,0.4807427227497101,0.6904669404029846,1
0.5595375895500183,0.2563212811946869,0.5385716557502747,0.44392913579940796,0.5213146209716797,0.7048219442367554,1
0.5652357339859009,0.5825549364089966,0.5882505774497986,0.6840815544128418,0.5525352358818054,0.797211766242981,1
0.7752813100814819,0.4115988314151764,0.7373232245445251,0.5255288481712341,0.7399976849555969,0.6891679763793945,1
0.7379764318466187,0.548923134803772,0.7788781523704529,0.6732431650161743,0.6964232921600342,0.765105128288269,1
0.5863146185874939,0.3165298402309418,0.49154019355773926,0.5601714253425598,0.4629670977592468,0.6727458238601685,1
0.6341805458068848,0.5952894687652588,0.6076123714447021,1.3403159379959106,0.6314792633056641,1.8681986331939697,1
0.6041679382324219,0.20763474702835083,0.5717253088951111,0.49569055438041687,0.5651040077209473,0.7169355154037476,1
0.5027458667755127,0.27455735206604004,0.49410900473594666,0.3980945646762848,0.48726794123649597,0.5477307438850403,1
0.5880419611930847,0.5141128897666931,0.6073644161224365,0.7826627492904663,0.5584676861763,1.14284086227417,1
0.6585065722465515,0.5071630477905273,0.6615658402442932,0.8547878265380859,0.5594280362129211,1.0268793106079102,1
0.46318909525871277,0.4209054112434387,0.4839525520801544,0.5883682370185852,0.4711214005947113,0.742004930973053,1
0.5489488244056702,0.5569795370101929,0.595029354095459,0.5554078221321106,0.49649766087532043,0.8316136002540588,1
0.6634747385978699,0.4063225984573364,0.6636267304420471,0.5086954832077026,0.6548845171928406,0.7604547142982483,1
0.4386518597602844,0.34052741527557373,0.4285762906074524,0.542488157749176,0.43329647183418274,0.7164976596832275,1
0.6884021162986755,0.5729862451553345,0.5767173171043396,0.82859206199646,0.5901862978935242,1.1354070901870728,1
0.6026178598403931,0.29041069746017456,0.5009429454803467,0.3662060499191284,0.44044598937034607,0.5744211673736572,1
0.2721726894378662,0.44512853026390076,0.3249393701553345,0.871613085269928,0.5173564553260803,1.2613734006881714,1
0.2256782352924347,0.5674054026603699,0.2082662433385849,0.9177586436271667,0.161546528339386,1.1360435485839844,1
0.44152796268463135,0.6037962436676025,0.40671202540397644,0.7431659698486328,0.47256338596343994,0.8360446691513062,1
0.9430928826332092,0.5294817090034485,0.8970370292663574,1.0715121030807495,0.8950371742248535,1.5691969394683838,1
0.5194939970970154,0.23192870616912842,0.5875728726387024,0.17251145839691162,0.49854233860969543,0.6849820017814636,1
0.35922718048095703,0.5378400087356567,0.3632582724094391,0.6180326342582703,0.3771205246448517,0.7133952975273132,1
0.5620812177658081,0.46927833557128906,0.5370299220085144,0.602581799030304,0.49874892830848694,0.7071001529693604,1
0.8316336274147034,0.5455014705657959,0.6978001594543457,0.6663978695869446,0.8926209211349487,1.0466017723083496,1
0.8133012652397156,0.7033668756484985,0.6688428521156311,0.5522067546844482,0.6737304925918579,0.6148310303688049,1
0.4538475275039673,0.3061237633228302,0.4735585153102875,0.46130043268203735,0.4514034390449524,0.6946474313735962,1
0.5302388072013855,0.34601616859436035,0.4849722385406494,0.45099586248397827,0.5090076327323914,0.7412607669830322,1
0.30354565382003784,0.26424440741539,0.4357703924179077,0.3319351077079773,0.3470105826854706,0.7283326387405396,1
0.4912092983722687,0.26066410541534424,0.5170460939407349,0.48590975999832153,0.4592955708503723,0.658805251121521,1
0.8030340671539307,0.4869747757911682,0.7677615880966187,0.6491735577583313,0.8267543315887451,0.7618154287338257,1
0.7082775831222534,0.7227586507797241,0.7301608324050903,1.1502116918563843,0.46864432096481323,1.4459391832351685,1
0.7417849898338318,0.4545910656452179,0.8092256188392639,0.6262750029563904,0.7423575520515442,0.7670248746871948,1
0.3133455812931061,0.6812140941619873,0.3193851709365845,0.7826284170150757,0.3086894154548645,0.8695886135101318,1
0.7239892482757568,0.6825966238975525,0.6472533345222473,0.7957668304443359,0.695289134979248,0.9978667497634888,1
0.44139084219932556,0.4660218358039856,0.40436843037605286,0.4954524338245392,0.4014660120010376,0.8876703381538391,1
0.6082481145858765,0.5981544256210327,0.9844341278076172,0.5229575634002686,0.5529309511184692,1.268280029296875,1
0.6459424495697021,0.36926722526550293,0.6652089953422546,0.5785452127456665,0.5201039910316467,0.7751517295837402,1
0.6029516458511353,0.5683917999267578,0.595272421836853,0.7546079158782959,0.5084236860275269,0.8721054196357727,1
0.4344346523284912,0.728600263595581,0.4303414523601532,0.8373274803161621,0.42349734902381897,0.9544051289558411,1
0.8125828504562378,0.151042640209198,0.6804245710372925,0.20368632674217224,0.7943097949028015,0.298657089471817,1
0.6407197713851929,0.41261667013168335,0.5475310683250427,0.4038253426551819,0.5596926808357239,0.7467548847198486,1
0.6095616817474365,0.5564142465591431,0.5758809447288513,0.5388275384902954,0.6513822674751282,0.5687503814697266,1
0.5409500002861023,0.38649821281433105,0.5042316913604736,0.18169650435447693,0.5000092387199402,0.8012832999229431,1
0.45580875873565674,0.49619048833847046,0.5300688743591309,0.35366037487983704,0.3620564639568329,0.8532171845436096,1
0.7572160363197327,0.35712730884552,0.7745534777641296,0.49358123540878296,0.7902971506118774,0.6215488314628601,1
0.5454158186912537,0.4485722482204437,0.4977782964706421,0.5762883424758911,0.5667006969451904,0.6995773911476135,1
0.6308207511901855,0.35370418429374695,0.5733035206794739,0.5158841013908386,0.6916393041610718,0.7788674235343933,1
0.302494615316391,0.4440465569496155,0.2723289132118225,0.5660870671272278,0.2997710704803467,0.7279042601585388,1
0.4841732680797577,0.5296017527580261,0.5009825825691223,0.5175079107284546,0.490027517080307,0.4486296772956848,1
0.46726226806640625,0.6035269498825073,0.3816700875759125,0.7690443992614746,0.42215555906295776,0.9109283685684204,1
0.6859374046325684,0.4671376347541809,0.5805049538612366,0.28952866792678833,0.5718024373054504,0.9727842807769775,1
0.7346576452255249,0.41917163133621216,0.6883708238601685,0.671972930431366,0.7478752136230469,0.6968380808830261,1
0.5153598785400391,0.5793047547340393,0.5170344710350037,0.6784489154815674,0.5014689564704895,0.804485559463501,1
0.5763834118843079,0.7002308368682861,0.6617649793624878,0.3763018846511841,0.6409550309181213,1.5854876041412354,1
0.5182742476463318,0.551918089389801,0.5864789485931396,0.6773590445518494,0.5047928690910339,0.7691158056259155,1
0.3130057156085968,0.755146861076355,0.5458680391311646,0.6259135007858276,0.3966520428657532,1.2080190181732178,1
0.9000341296195984,0.5997612476348877,1.0309125185012817,0.6764013767242432,0.9441469311714172,1.4041359424591064,1
0.5984352827072144,0.615111768245697,0.4853067398071289,1.2406922578811646,0.29983535408973694,1.581894874572754,1
0.7004305124282837,0.3175784647464752,0.9891419410705566,0.6148582100868225,0.7189517021179199,0.5615600347518921,1
0.5128872394561768,0.5470651388168335,0.4800451695919037,0.621505081653595,0.5019668936729431,0.5978245735168457,1
0.4519440531730652,0.35443350672721863,0.4392354488372803,0.3875252902507782,0.4355155825614929,0.6507170796394348,1
0.5344920754432678,0.2790241539478302,0.5423076748847961,0.4919850528240204,0.6587569713592529,0.5775937438011169,1
0.5516192317008972,0.5479094982147217,0.5948626399040222,0.8117753267288208,0.5113122463226318,0.9297622442245483,1
0.5301949381828308,0.3820466697216034,0.5093088150024414,0.39597442746162415,0.5077173113822937,0.7337296605110168,1
0.3823917806148529,0.25736004114151,0.3697027564048767,0.36850422620773315,0.40236565470695496,0.43290185928344727,1
0.45943713188171387,0.5306463837623596,0.4547577202320099,0.6200452446937561,0.47222384810447693,0.7019410133361816,1
0.43914374709129333,0.5296609997749329,0.45077502727508545,0.57304447889328,0.4475245773792267,0.6814243793487549,1
0.6312053203582764,0.6818239688873291,0.7199265956878662,0.7193632125854492,0.618306040763855,0.8258708119392395,1
0.31116026639938354,0.5759463310241699,0.309035062789917,0.6520957946777344,0.32207614183425903,0.7045276165008545,1
0.5964660048484802,0.3571130037307739,0.5651594996452332,0.4987371265888214,0.5559326410293579,0.6205793023109436,1
0.3672427237033844,0.6759494543075562,0.36273396015167236,0.7745624780654907,0.381320595741272,0.861629843711853,1
0.85337233543396,0.46907058358192444,0.7788131237030029,0.7408589124679565,0.8197406530380249,0.9540038108825684,1
0.4724193215370178,0.5646661520004272,0.5123534798622131,0.7882571220397949,0.4964815378189087,0.9679363369941711,1
0.4248424172401428,0.38652199506759644,0.503991961479187,0.42285728454589844,0.4640584886074066,0.6857872009277344,1
0.45047256350517273,0.40530771017074585,0.4625619053840637,0.4784933924674988,0.4846252202987671,0.5926745533943176,1
0.4301401376724243,0.4339084029197693,0.42498910427093506,0.5849757194519043,0.4470911920070648,0.7663390636444092,1
0.18395116925239563,0.4746665060520172,0.21564024686813354,0.6590742468833923,0.22271208465099335,0.7749491930007935,1
0.6866496801376343,0.6750199794769287,0.5578071475028992,1.0223064422607422,0.614783525466919,1.360328197479248,1
0.44116079807281494,0.5771669149398804,0.4241924285888672,0.7158983945846558,0.47461867332458496,0.8104121088981628,1
0.43491989374160767,0.5260902643203735,0.4633418917655945,0.7643108367919922,0.49917706847190857,1.033799409866333,1
0.6484679579734802,0.39305391907691956,0.7162506580352783,0.5981881618499756,0.6764580011367798,0.8706430792808533,1
0.5323997139930725,0.4672743082046509,0.5540083646774292,0.6370872855186462,0.5108761787414551,0.7605161070823669,1
0.4362330734729767,0.5279685258865356,0.4530588984489441,0.60728919506073,0.4568667709827423,0.7818378806114197,1
0.44988083839416504,0.31378746032714844,0.4655500650405884,0.3633970022201538,0.4791504740715027,0.5788290500640869,1
0.5380279421806335,0.7520300149917603,0.5432383418083191,0.9132116436958313,0.5136531591415405,1.0535035133361816,1
0.8382406830787659,0.48347747325897217,0.8339411020278931,0.6220239400863647,0.8295171856880188,0.7115771770477295,1
0.46812671422958374,0.4317426085472107,0.4120940864086151,0.5507265329360962,0.4793816804885864,0.6287409663200378,1
0.5071438550949097,0.5551801323890686,0.5260252356529236,0.6659045815467834,0.4745306670665741,0.7749806046485901,1
0.5055392384529114,0.6894086599349976,0.5129984617233276,0.7471789717674255,0.49130475521087646,0.7915313839912415,1
0.5089887380599976,0.43394339084625244,0.5389735102653503,0.45877841114997864,0.561447024345398,0.5645648837089539,1
0.5102846622467041,0.5145590305328369,0.5201894044876099,0.6293870806694031,0.5125554800033569,0.7160437107086182,1
0.3828662037849426,0.43719878792762756,0.37562012672424316,0.4726301431655884,0.3970352113246918,0.5555016398429871,1
0.5654886364936829,0.3980209231376648,0.5709855556488037,0.5520980358123779,0.5416246652603149,0.6604053378105164,1
0.5798689723014832,0.5073508620262146,0.5932308435440063,0.6525130867958069,0.537477433681488,0.7635645270347595,1
0.5439489483833313,0.6678381562232971,0.521030068397522,0.6632178425788879,0.5137585401535034,0.8265823721885681,1
0.5509782433509827,0.548592209815979,0.5902518630027771,0.6540809273719788,0.5178826451301575,0.7649028301239014,1
0.7298026084899902,0.42096734046936035,0.7154596447944641,0.558062732219696,0.7422469258308411,0.7411210536956787,1
0.6171099543571472,0.40496307611465454,0.5978354811668396,0.535551130771637,0.6221195459365845,0.6350024342536926,1
0.5645171999931335,0.5868707299232483,0.5498268604278564,0.6848543286323547,0.5431452989578247,0.8064718246459961,1
0.649793267250061,0.47914987802505493,0.6287200450897217,0.6092303991317749,0.6786882281303406,0.7005313634872437,1
0.48103123903274536,0.5111375451087952,0.3999306559562683,0.49474430084228516,0.4718754291534424,0.7050331234931946,1
0.5321550369262695,0.6091598272323608,0.5193480849266052,0.6844104528427124,0.5454545617103577,0.7702906727790833,1
0.5396109223365784,0.48709654808044434,0.5410794019699097,0.5419530868530273,0.5824496150016785,0.6306849718093872,1
0.4671851694583893,0.2849333584308624,0.40047386288642883,0.5158035159111023,0.48129355907440186,0.6777628660202026,1
0.4956432580947876,0.2784422039985657,0.46472036838531494,0.5198134779930115,0.5615712404251099,0.6991134285926819,1
0.4326794743537903,0.47524067759513855,0.349399209022522,0.8420004844665527,0.4642879366874695,1.0218372344970703,1
0.5937299132347107,0.31061023473739624,0.6702666282653809,0.5088750123977661,0.6019191145896912,0.7086409330368042,1
0.5998464226722717,0.3790571987628937,0.6054428815841675,0.578154981136322,0.5698151588439941,0.7679476737976074,1
0.4319615662097931,0.28966957330703735,0.44251689314842224,0.40756186842918396,0.45930081605911255,0.541725218296051,1
0.4098481237888336,0.46273869276046753,0.4044520854949951,0.5423246622085571,0.42018061876296997,0.6424984335899353,1
0.7065946459770203,0.4923769533634186,0.7162793874740601,0.8515135645866394,0.7742565870285034,0.9776140451431274,1
0.41497525572776794,0.4638669192790985,0.42188313603401184,0.49562034010887146,0.43173283338546753,0.6851904392242432,1
0.4848579168319702,0.4859461486339569,0.4889824390411377,0.5987063050270081,0.4804812967777252,0.38131093978881836,1
0.4739750921726227,0.28211936354637146,0.48146000504493713,0.385356605052948,0.4883822500705719,0.4579317271709442,1
0.48432883620262146,0.38049590587615967,0.44280803203582764,0.4901565611362457,0.46931391954421997,0.5894700288772583,1
0.44980388879776,0.43127158284187317,0.4623522162437439,0.5515406727790833,0.45504119992256165,0.6499292850494385,1
0.5213325023651123,0.355075478553772,0.5415700078010559,0.4890538156032562,0.5110086798667908,0.6182832717895508,1
0.5619223713874817,0.3199061453342438,0.5010470151901245,0.5671355724334717,0.5330084562301636,0.7007256746292114,1
0.5058251619338989,0.4106682538986206,0.467469185590744,0.4595944285392761,0.46611571311950684,0.7163332104682922,1
0.45638129115104675,0.5020338892936707,0.47285979986190796,0.5913363695144653,0.490942120552063,0.664520800113678,1
0.4719304144382477,0.5438351035118103,0.5031639933586121,0.5905576944351196,0.49734270572662354,0.7062700390815735,1
0.4892711639404297,0.3110971450805664,0.5046392679214478,0.3608939051628113,0.5107882022857666,0.5605959296226501,1
0.5855265259742737,0.4050184488296509,0.5648043751716614,0.47855865955352783,0.5069945454597473,0.5024341940879822,1
0.48228248953819275,0.4161883592605591,0.43596693873405457,0.5709748864173889,0.47779685258865356,0.7048825025558472,1
0.4924110472202301,0.37573039531707764,0.4974597692489624,0.2958325743675232,0.49874773621559143,0.5766390562057495,1
0.6191813349723816,0.2802940607070923,0.6136263012886047,0.4012015461921692,0.6038928627967834,0.491289883852005,1
0.6529198288917542,0.38309726119041443,0.649262547492981,0.5420804023742676,0.6093368530273438,0.6402074694633484,1
0.7383072376251221,0.31550031900405884,0.7272060513496399,0.33215653896331787,0.7461910247802734,0.6248733997344971,1
0.44532349705696106,0.4780599772930145,0.4292728006839752,0.591708779335022,0.4423731565475464,0.6703651547431946,1
0.6056265830993652,0.30324867367744446,0.6093101501464844,0.5587401986122131,0.5617022514343262,0.7306458353996277,1
0.4621017575263977,0.37112709879875183,0.46418043971061707,0.458644300699234,0.5043097734451294,0.526747465133667,1
0.5157268643379211,0.41830122470855713,0.5186139941215515,0.4850825369358063,0.5096769332885742,0.5707437992095947,1
0.5734184384346008,0.569428563117981,0.5407030582427979,0.5998595952987671,0.527802050113678,0.5153332948684692,1
0.5962809920310974,0.4379265308380127,0.5912454128265381,0.49348193407058716,0.611345648765564,0.5838122963905334,1
0.4883539080619812,0.4688742160797119,0.4913693368434906,0.5778446197509766,0.49871107935905457,0.7037094235420227,1
0.46235162019729614,0.4716714024543762,0.4644995629787445,0.5534989833831787,0.47360238432884216,0.6283090710639954,1
0.7328990697860718,0.4187019169330597,0.7263473272323608,0.4581705331802368,0.6841675639152527,0.5820107460021973,1
0.4833482801914215,0.34916165471076965,0.471460223197937,0.40519165992736816,0.4972086250782013,0.5242598056793213,1
0.5196723341941833,0.5107896327972412,0.5111923813819885,0.624945342540741,0.47022151947021484,0.7861818075180054,1
0.392899751663208,0.44255441427230835,0.40722817182540894,0.475807785987854,0.41651013493537903,0.5868831872940063,1
0.4845685064792633,0.5994297862052917,0.48181667923927307,0.7288981080055237,0.4915773868560791,0.8283911347389221,1
0.4482883810997009,0.4620165526866913,0.45056381821632385,0.5795672535896301,0.46657535433769226,0.7505470514297485,1
0.5060755610466003,0.35097771883010864,0.5344467759132385,0.5508036017417908,0.4969538152217865,0.6996902823448181,1
0.5038905739784241,0.32416510581970215,0.4650399684906006,0.45178431272506714,0.5133119821548462,0.5300622582435608,1
0.4844905138015747,0.3838813304901123,0.5853055715560913,0.38388121128082275,0.47154128551483154,0.7077434659004211,1
0.5400702357292175,0.4563797414302826,0.5670645833015442,0.5447567701339722,0.5549250841140747,0.6209381818771362,1
0.4087682068347931,0.5025458335876465,0.449776291847229,0.6195797324180603,0.4484797418117523,1.0539404153823853,1
0.5286334753036499,0.5509108901023865,0.5377736687660217,0.6379573345184326,0.5104336738586426,0.5431955456733704,1
0.3902125656604767,0.4047353267669678,0.3934515416622162,0.5580850839614868,0.42312857508659363,0.7426536679267883,1
0.5539974570274353,0.4865143299102783,0.5869216918945312,0.5797630548477173,0.5675128102302551,0.6591148376464844,1
0.5014277100563049,0.3033730983734131,0.4832306206226349,0.38031649589538574,0.5194445848464966,0.464983195066452,1
0.3798902928829193,0.43853041529655457,0.40831851959228516,0.5488312840461731,0.39461055397987366,0.6524324417114258,1
0.5399604439735413,0.2750796675682068,0.5004990100860596,0.46387919783592224,0.4558734595775604,0.5953065156936646,1
0.49753621220588684,0.517970085144043,0.4818272292613983,0.6127472519874573,0.46365585923194885,0.6976635456085205,1
0.646328866481781,0.48825132846832275,0.6573341488838196,0.6060009002685547,0.6857226490974426,0.7051315307617188,1
0.5162414908409119,0.20632390677928925,0.38202694058418274,0.2766663432121277,0.48645296692848206,0.5149922370910645,1
0.5048612356185913,0.5147156119346619,0.5147523880004883,0.5824660062789917,0.5193659067153931,0.7048242688179016,1
0.33941012620925903,0.46036025881767273,0.3394663333892822,0.5101541876792908,0.4415934085845947,0.5676888227462769,1
0.4798187017440796,0.4826270341873169,0.4756482243537903,0.5711652040481567,0.4908095896244049,0.6429986357688904,1
0.4437543749809265,0.46272367238998413,0.4310520887374878,0.6624523997306824,0.47740885615348816,0.7928345799446106,1
0.4546383321285248,0.3523036241531372,0.4588937759399414,0.40023157000541687,0.4671056866645813,0.46404239535331726,1
0.6189837455749512,0.41889408230781555,0.6056616306304932,0.524750828742981,0.6531883478164673,0.5954098701477051,1
0.4316372573375702,0.4691075086593628,0.4413914084434509,0.5798838138580322,0.455363929271698,0.6749201416969299,1
0.5471231341362,0.3865222632884979,0.5296788811683655,0.4681364893913269,0.5227505564689636,0.5603795647621155,1
0.5523010492324829,0.3801769018173218,0.5244917273521423,0.49593567848205566,0.5339697599411011,0.6799442172050476,1
0.6200436353683472,0.4054032564163208,0.6125547289848328,0.5869327783584595,0.5584173202514648,0.7221546173095703,1
0.4762535095214844,0.3475445806980133,0.5012389421463013,0.465853750705719,0.5626744627952576,0.5826314687728882,1
0.48230472207069397,0.4198842942714691,0.4594801664352417,0.5653392672538757,0.48536479473114014,0.6494794487953186,1
0.5452240109443665,0.4803033471107483,0.4769074618816376,0.6035721898078918,0.5508164167404175,0.7257141470909119,1
0.5166276097297668,0.5685757398605347,0.5345030426979065,0.5934587121009827,0.5094229578971863,0.7852557897567749,1
0.44327449798583984,0.4099946916103363,0.42441168427467346,0.6059371829032898,0.46645015478134155,0.7743325233459473,1
0.5889479517936707,0.48430779576301575,0.5701025128364563,0.6488372683525085,0.603547990322113,0.7638262510299683,1
0.5907868146896362,0.3014725148677826,0.6026345491409302,0.48736557364463806,0.6106618642807007,0.6416054964065552,1
0.46389836072921753,0.44139236211776733,0.29585036635398865,0.4916485846042633,0.48932257294654846,0.6425195932388306,1
0.7753889560699463,0.5041833519935608,0.8349994421005249,0.4661138653755188,0.6691536903381348,1.005855679512024,1
0.47115615010261536,0.5308200120925903,0.4539123773574829,0.7035807967185974,0.4750981032848358,0.8374009132385254,1
0.5484516024589539,0.5558919310569763,0.5339679718017578,0.6882169246673584,0.5181278586387634,0.7988454699516296,1
0.5079955458641052,0.569881796836853,0.47133296728134155,0.6494662761688232,0.4708421230316162,0.7096151113510132,1
0.5974820256233215,0.34897759556770325,0.6391941905021667,0.2987735867500305,0.5346528887748718,0.9416670203208923,1
0.5991026163101196,0.3920000493526459,0.5940763354301453,0.5298934578895569,0.5845636129379272,0.7350997924804688,1
0.4493032395839691,0.553511917591095,0.47569888830184937,0.8339397311210632,0.46683239936828613,0.9594587087631226,1
0.6381202936172485,0.31187862157821655,0.7414414882659912,0.6579486131668091,0.581859290599823,0.9287689328193665,1
0.29018551111221313,0.44733017683029175,0.3008093237876892,0.5804235339164734,0.3220364451408386,0.7193824648857117,1
0.7251651287078857,0.627818763256073,0.7273370623588562,0.6738494634628296,0.7304785251617432,0.7787126302719116,1
0.7592393755912781,0.5288611650466919,0.7828978896141052,0.5759148597717285,0.7563840746879578,0.7472137212753296,1
0.8155626654624939,0.6322740316390991,0.4723622798919678,0.8464010953903198,0.5730637311935425,1.126218557357788,1
0.5995426177978516,0.4776812791824341,0.5626289248466492,0.44354188442230225,0.5413241982460022,1.2630789279937744,1
0.14439445734024048,0.5506026744842529,0.09840057045221329,0.7976771593093872,0.19203585386276245,0.9278918504714966,1
0.36927109956741333,0.5627307891845703,0.4025762677192688,0.6706850528717041,0.3399196267127991,0.7575317621231079,1
0.638015627861023,0.33258843421936035,0.6733065247535706,0.25006550550460815,0.6309648156166077,0.8896999955177307,1
0.45396509766578674,0.517589271068573,0.46260401606559753,0.5858768820762634,0.4842015206813812,0.6897520422935486,1
0.48896244168281555,0.4584055542945862,0.4496636986732483,0.5882648825645447,0.5119231343269348,0.7018419504165649,1
0.7221892476081848,0.3935701251029968,0.7251780033111572,0.43269798159599304,0.6929864287376404,0.705508291721344,1
0.3258482813835144,0.6476369500160217,0.34043818712234497,0.8569689393043518,0.330262690782547,0.9683142900466919,1
0.35481300950050354,0.6258805394172668,0.35678043961524963,0.6695156097412109,0.2262556254863739,1.0296266078948975,1
0.6629678606987,0.5926154255867004,0.6157076358795166,1.09516179561615,0.5511676073074341,1.3387556076049805,1
0.8469781279563904,0.5526200532913208,0.9597209692001343,1.0655986070632935,0.8465480208396912,1.2977101802825928,1
0.33009493350982666,0.33936429023742676,0.30798467993736267,0.5316210389137268,0.309689998626709,0.6736999750137329,1
0.6342098116874695,0.5688239932060242,0.6671133637428284,0.9097092747688293,0.5939673781394958,1.1646404266357422,1
0.42166808247566223,0.3654821217060089,0.48368263244628906,0.4967120885848999,0.37349069118499756,1.008181095123291,1
0.5762263536453247,0.5592203736305237,0.5102804899215698,0.860969603061676,0.633044958114624,0.8586533069610596,1
0.5005810856819153,0.5697715878486633,0.4772260785102844,1.042609453201294,0.46575331687927246,1.4242171049118042,1
0.3809201717376709,0.33292821049690247,0.3730464279651642,0.48857203125953674,0.4198295474052429,0.7457486987113953,1
0.6507884860038757,0.4124947190284729,0.7071807980537415,0.49285319447517395,0.7438621520996094,0.7253347039222717,1
0.6131430864334106,0.6391022205352783,0.5059296488761902,0.6741877794265747,0.5028567910194397,0.9190839529037476,1
0.4838033616542816,0.42842695116996765,0.49255257844924927,0.5504809021949768,0.4957429766654968,0.7278140187263489,1
0.6773311495780945,0.6435146927833557,0.69809889793396,0.7164098024368286,0.6902702450752258,0.9180928468704224,1
0.5803892016410828,0.4621214270591736,0.5711169242858887,0.7684565782546997,0.5036402344703674,0.9193869829177856,1
0.44697287678718567,0.36680635809898376,0.4658973217010498,0.5381079316139221,0.4873262047767639,0.8567836284637451,1
0.6244599223136902,0.5451135039329529,0.5747445225715637,0.5319810509681702,0.5819908976554871,1.2012715339660645,1
0.40382450819015503,0.4360169470310211,0.40809497237205505,0.26456305384635925,0.4013957679271698,0.9962817430496216,1
0.6905257701873779,0.6911516189575195,0.7244592905044556,1.3369559049606323,0.6225405931472778,1.7511374950408936,1
0.5120540261268616,0.5889675617218018,0.5855100750923157,0.9914735555648804,0.5434485077857971,1.3766298294067383,1
0.743537187576294,0.41318970918655396,0.6083667278289795,0.3959886431694031,0.6620241403579712,1.2565828561782837,1
0.3575313985347748,0.5454996824264526,0.40558940172195435,0.6963245272636414,0.4061504304409027,0.878775417804718,1
0.5960863828659058,0.5316731929779053,0.660372257232666,0.9330958127975464,0.5695539712905884,1.199000597000122,1
0.2099459022283554,0.45177799463272095,0.22129425406455994,0.6153671145439148,0.2610524594783783,0.849602222442627,1
0.6254029273986816,0.45452040433883667,0.6314340829849243,0.6360775232315063,0.5892090797424316,0.7815406322479248,1
0.6129059791564941,0.522754430770874,0.6161994338035583,0.7308531999588013,0.62797611951828,0.9704983234405518,1
0.5342244505882263,0.5027663707733154,0.5540050864219666,0.551228404045105,0.526750922203064,0.6532328128814697,1
0.43631938099861145,0.49134451150894165,0.4366625249385834,0.5753103494644165,0.42810890078544617,0.7034587860107422,1
0.5392019152641296,0.4536709785461426,0.5450352430343628,0.6008691787719727,0.5243613719940186,0.698754072189331,1
0.7157862782478333,0.3888675570487976,0.6658549308776855,0.4271801710128784,0.4844130575656891,0.683692991733551,1
0.7100160717964172,0.3537566363811493,0.48162251710891724,0.4598880112171173,0.5453823804855347,0.847758948802948,1
0.694837749004364,0.5856229066848755,0.6870754957199097,0.647860586643219,0.585221529006958,1.062995195388794,1
0.4749917685985565,0.6171364784240723,0.47972193360328674,1.1624090671539307,0.4728330671787262,1.3525350093841553,1
0.7465544939041138,0.37907126545906067,0.7642084360122681,0.548791229724884,0.7195224165916443,0.7036342024803162,1
0.46688002347946167,0.5041926503181458,0.5335788726806641,0.7112581133842468,0.49892571568489075,0.903067409992218,1
0.32607972621917725,0.3887767791748047,0.32330361008644104,0.7357778549194336,0.3829728066921234,0.929237961769104,1
0.33756008744239807,0.4655822515487671,0.34953609108924866,0.6093351244926453,0.31347838044166565,0.713027834892273,1
0.27431952953338623,0.42561882734298706,0.20853853225708008,0.9294635057449341,0.43926554918289185,1.30539071559906,1
0.6926916241645813,0.5154926776885986,0.8010732531547546,0.8530309796333313,0.7347796559333801,1.2620835304260254,1
0.5020950436592102,0.5487927794456482,0.5211182236671448,0.736160397529602,0.5015103816986084,0.8498839139938354,1
0.7048158049583435,0.4643932580947876,0.6909591555595398,0.7305008172988892,0.6648699045181274,0.8942264318466187,1
0.589733362197876,0.47499585151672363,0.5846161246299744,0.5782296061515808,0.6318641901016235,0.7238827347755432,1
0.4244605600833893,0.3300457000732422,0.415612131357193,0.46510791778564453,0.4357423484325409,0.5687974691390991,1
0.6179534196853638,0.47146931290626526,0.5813129544258118,0.46100741624832153,0.46064290404319763,0.6857542991638184,1
0.3112119138240814,0.5137165784835815,0.28878673911094666,0.6888011693954468,0.3018529713153839,0.8173868656158447,1
0.6543440818786621,0.18244138360023499,0.7729001045227051,0.4660513699054718,0.49527063965797424,0.6550398468971252,1
0.5955906510353088,0.4852621555328369,0.6200817823410034,0.6375343799591064,0.5856437087059021,0.7290332317352295,1
0.24337837100028992,0.47792038321495056,0.24600905179977417,0.6480885744094849,0.22074054181575775,0.7641700506210327,1
0.4524144232273102,0.6734597682952881,0.48343634605407715,0.7832017540931702,0.49713778495788574,0.9721971154212952,1
0.5705838203430176,0.6260404586791992,0.51015704870224,0.6639777421951294,0.575310230255127,0.8287740349769592,1
0.5410462617874146,0.706005334854126,0.5997269153594971,0.7676904797554016,0.66319739818573,0.7597006559371948,1
0.843442976474762,0.6448225975036621,0.7103793621063232,0.7981652617454529,0.8145822882652283,1.1002235412597656,1
